COGID	akkadian	amarnacanaanite	amharic	arabic	argobba	biblicalaramaic	chaha	christianpalestinianaramaic	deiralla	demoticaramaic	ebla	endegen	ennemor	ezha	gafat	geez	geezepigraphic	gogot	gurage	gyeto	hadramitic	harari	harsusi	hatran	hebrew	hertevin	jewishbabylonianaramaic	jewishpalestinianaramaic	jibbali	maalula	mandaic	masqan	mehri	minaean	mlahso	moabite	muher	nabataean	officialaramaic	oldaramaic	palmyrean	pcs	pes	phoenician	pws	qatabanian	sabaic	samalian	samaritan	selti	soddo	soqotri	syriac	tigre	tigrinya	turoyo	ugaritic	wolane	zway
11				r w j												r a w a j a							r e w oː		r w j				r eː				r á j w i												r w j	m r w	h r w j						r w j						
16				b l ʕ				b l ʕ																	b l ʕ		b l ʕ	b l ʕ	b é l a ʕ		b l a		b oː l a												b l ʕ				b l ʕ				b l ʕ				b l ʕ		
32				r u k b a t		ʔ a r k u b b aː θ eː h		ʔ r k w b ʔ								r aː k u b												ʔ r k w b t h		r x o p p θ aː															r k b				ʔ r k w b j n				r í k b e	m æ r k æ b					
36				x a w x a t												x o x ə t									ħ oː a ħ				x ɔ h				x aː	x h											x a w	x w	x x												
40			g æ d d	g a d d																					g a d			g a d d aː			g a d a														g d				g d		g u d		g a d d aː	g æ d	g æ d d i				
45				g i r m																					g æ r æ m	g a r m a	g a r m aː	g r æ m		ɣ e r m a	g i r m a								g r m						g r m		g r m						g a r m aː			g a r m o			
54				b ð r		b d r		b d r																	b z r		b d r	b d r	b ɛ ð ə r		b d r		b eː ð ə r						b d r						b ð r	b ð r			b d r				b d r						
74				ʃ a ʕ a l																									ɬ a ʕ ɬ̬ˤ ɔ́ t				ɬ aː l eː t												ɬ ʕ l							ɬ á ʕ a l							
80			qˤ ə r f i t	q i r f	qˤ ə r f i t											qˤ ə r ə f t						qˤ æ r f iː t																							qˤ r p						qˤ ə r f i t			qˤ æ r æ f	qˤ æ r æ f				qˤ ə r f i t
83			qʷˤ æ r r a	q r r			qˤ ə r æ r æ	qˤ r r				ʔ ə r æː ʔ r æ	ʔ ə r æː r ʔ æ	qˤ ə r æ r æ		qʷˤ a r a r a				qˤ ə r æ r æ					qˤ a r		qˤ r r	qˤ r r	qˤ ə r é r ɛ		qˤ a r i r	qˤ ə r æ r æ	h ə qˤ r á w r												qˤ r r				qˤ r r			qˤ a r é r e	qˤ r r		qʷˤ æ r æ r æ				qˤ o r r a
89			qˤ ə tˤ æ l													qʷˤ a sˤ l						qˤ u tˤ tˤ i																					qˤ sˤ l								qˤ ə tˤ æ l				qˤ æ tˤ æ l j a				
91																f a l a tˤ a																													p l tˤ										f æ l æ tˤ æ				
92				k a h l											x a r æ	k ə h l a													k h ɛ l				k ə h eː l							k h l					k h l		k h l												
93				ʕ l m												ʕ a l l a m a																										ʕ l m				ʕ l m	ʕ l m												
102				ʕ i r q																		ħ a r æ qˤ	ʕ a r qˤ										ʔ a r qˤ												ʕ a		ʕ r qˤ			a r æ qˤ		ʕ á r n ɛ g		ʕ a r æ qˤ				a r æ qˤ	a r æ qˤ
103				ʃ g r												ɬ a g a r a													ɬ ɔ́ g ɔ́ r																ɬ g r							ɬ é g o r							
106	sˤ i b aː r u			ʕ u sˤ f uː r		sˤ i p p ə r iː n		sˤ p j r	sˤ p r														sˤ̌ e f e r o t		sˤ i p p oː r		sˤ i p p r aː	sˤ j p r	sˤ e f i r ó t		sˤ i p r a								sˤ n p r					sˤ p r	sˤ p r				sˤ p r			e sˤ f é r oʰ	sˤ e p r aː			s a f r u n o			
108				f a r x					ʔ p r ħ							f a r x									ʔ æ p r oː a ħ		p aː r a ħ t aː	ʔ p r ħ		f a r r iː ħ a	p u r a														p a r x								p aː r a ħ t aː			f a r x o			
109				b a j dˤ a t																			b eː ðˤ e h		b eː sˤ aː		b a j ʕ θ aː	b j ʕ h	b é ðˤ	b eː ʕ θ a	b i t a		b iː ðˤ a j t									b a j ɬˤ a t											b iː ʕ t aː	b æ j ə č̣		b ə ħ t o			
114	b i ʃ r u			b a ʃ a r		b ə ɬ a r		b s r		b s r					b æ s æ r æ	b aː s o r			b æ s æ r			b æ s æ r			b aː ɬ aː r	b e s r a	b i s r aː	b ə ɬ a r	b ə ɬ ə r ɛ t	b e s r a	b i s r a		b ə ɬ ə r eː t	b s ² r	b e s r o				b s r					b ʃ r	b i		b s ² r						b e s r aː			b a sˤ r o	b ʃ r		
115				m a tˤ a r																					m aː tˤ aː r		m i tˤ r aː				m i tˤ r a			m tˤ r								m a tˤ a r					m tˤ r						m e tˤ r aː			m a tˤ r o	m tˤ r		
118				f r r																																									p r								p r r						
119				j aː b i s												j ə b u s									j aː b eː ʃ																				j b ʃ		j b s ¹						j a b b i ʃ						
120				r i g l		r ə g a l				l g r															r æ g æ l		r i ḡ l aː	r j g l h		r e ɣ r a	l i ɣ r a			r g l	r e ɣ l o				n g r		r g l				r i g l		r g l	l g r					r e g l aː			r a ɣ l o			
121				m aː																					m aː		m aː n												m h	m h		m a					m h	m h					m aː n aː				m h		
122				ħ i ð aː ʔ a		ħ ă d oː h iː																			ħ aː z æː		ħ a d j aː				h a d i a				ħ a z j o										ħ a ð j								ħ a d j aː						
123				ʕ a n aː n																					ʕ aː n aː n																				ʕ a n aː n								ʕ n aː n aː						
127				ħ aː l																					ħ oː l																	ħ aː l											ħ aː l aː						
128			r æ ž ž i m	r j m												ʔ a r j aː m									r w m				r i h m																r w m		r j m						r aː m aː	r e m æ			r m		
129			a g g æ l æ	ʕ g l												ʕ a g a l a									ʕ aː g oː l			ʕ g l	o ʕ ó g ə l				h aː g oː l												ʕ g l							e g ʕ á j l i l	ʕ g aː l aː	ʕ ə g g u l					
130				ʔ m r																					ʔ m r		ʔ m r				a m r			ʔ m r								ʔ m r				ʔ m r							ʔ m r			ʔ m r	ʔ a m r		
132																									ɬ ħ j		s ħ j				s a a											ɬ ħ j											s ħ j			s ħ j			
135			a r w e													ʔ a r w e		a w r e		a w r e		uː r i										a w r e					o r								ʔ a r w a j						a w r e			ʔ ə r w æ t	ʔ a r æ			a w r e	
140				g a n b									g u p a			g a b o							j a n b		g a b		g oː b		g a n b		g u b a		g a n b												g a n b								g a b b aː	g a b o	g o b o	g a b	g b		
146				q a sˤ f																					qˤ æ sˤ æ p				qˤ ɔ́ sˤ ɔ́ f				qˤ ə sˤ á w f												qˤ sˤ p														
149				l a ħ m																					l æ ħ æ m																	l a ħ m											l a ħ m aː				l ħ m		
151				n ʕ m																		n i ʔ m æ t			n ʕ m								n ə ʔ á j m	n ʕ m								n ʕ m		n ʕ m		n ʕ m	n ʕ m										n ʕ m		
158			w o f	ʕ a w f	ʕ o f	ʕ oː p	ã fʷ					ã̄ fʷ	ã̄ fʷ	ã fʷ	j ə fʷ æ	ʕ o f				ã̄ fʷ		uː f			ʕ oː p		ʕ oː p aː	ʕ oː p				ã fʷ					õ f							ʕ p t	ʕ a w p				ʕ w p	uː f	w o f		ʕ a w p aː	ʕ o f	ʕ u f		ʕ p	ũ fʷ	ũ f
159				r i ʔ a t																			r e j iː		r eː ʔ aː				r ɔ̄ t				r ə j eː ʔ												r i ʔ a t								r aː ʔ t aː						
165				θ a ɣ r							ʃ a x a l u m														ʃ a ʕ a r																	θ a ɣ r											t a r ʕ aː				θ ɣ r		
177			s ə b				s ə w æ					s ə̃ w ʔ æ	s ə w ʔ æ	s ə w w æ		ɬ ə b ħ		s ə w æ		s ə w ʔ æ		s æ b a h	ɬ a b ħ						ɬ a b ħ			s ə w æ	ɬ a b ħ				s ə w æ								ɬ a b ħ							ɬ a b ħ		ʃ ə b ə ħ	s ə b ħ i				
186				ʔ a l f												ʔ a l f									ʔ æ l æ p				ʔ ɔ f				ʔ ɛ f	ʔ l f											ʔ a l p	ʔ l f	ʔ l f						ʔ a l p aː				ʔ a l p		
187			a m m æ n æ	ʔ m n	ʔ a m m ɛ n		a m æ r æ					a m m æ r æ	a m æ r æ	a m m æ r æ		ʔ a m n a		a m m æ n æ		a m æ r æ					ʔ m n				ʔ e j ɛ̃ n			a m m æ n æ	ʃ aː m uː n	ʔ m n			a m m æ n æ								ʔ m n	s ¹	ʔ m n			a m æ n æ	a m m æ n æ	ɛ m o n	ʔ m n	ʔ a m n a	ʔ a m æ n æ		ʔ i m t	a m æ n æ	
188				ʕ b d																					ʕ b d			ʕ b d												ʕ b d		ʕ b d						ʕ b d					ʕ b d				ʕ b d		
189				f ʕ l																					p ə ʕ u l l aː			p ʕ l	f a ʕ á l				f aː l											p ʕ l	p ʕ l	f ʕ l	f ʕ l						p ʕ l	f æ ʕ a l æ			b ʕ l		
190																									ʕ ɬ j									ʕ s ¹ j		ʕ ʃ j						ʕ ɬ j				ʕ s ¹ j	ʕ s ¹ j										ʕ ʃ j		
195			a l l æ l æ	ɣ l l					ʕ l l							ʕ a l l a l a									ʕ l l																				ɣ l l										ʕ a l l æ l æ		ɣ l l		
197				g a b r		g ə b a r																			g æ b æ r		g a b r aː	g b a r		ɣ a b r oː n a	g a b r a				g a v r o					g b r		g a b r											g a b r aː			g a w r o			
198				ʔ i n s					ʔ n ʃ																ʔ iː ʃ									ʔ n s ¹		ʔ ʃ			ʔ n ʃ	b r		ʔ i n ʃ		ʔ ʃ		ʔ n s ¹	ʔ n s ¹	ʔ n ʃ								ə n s a n	ʔ i n ʃ		
205	sˤ uː r u																								sˤ uː r		tˤ uː r aː				tˤ u r a											θˤ uː r					θˤ w r						tˤ u r aː			tˤ u r o	ɣ r		
225																													b ɔ́ qˤ ɔ́ θ																b qˤ θ										b æ qˤ qʷˤ æ s æ				
245				n tˤ w																					n tˤ j			n tˤ j														n tˤ w																	
255			t a č č	t a ħ t a			t æ t			t ħ t		t a ʔ a č č æ	t a ʔ a č æ	t æ t		t aː ħ t a				t æ t		t a ħ a j			t a ħ a t						a t u t i a	t æ t t e		t ħ t			t æ t	t ħ t	t ħ t	t ħ t	t ħ t			t ħ t	t a ħ t	t ħ t h w	t ħ t			t aː t æ	t a t æ		t ħ e t	t æ ħ a t	t ə ħ t i		t ħ t	t a t	
256				ħ tˤ tˤ																									ħ e tˤ tˤ				ħ ə tˤ									ħ tˤ tˤ																	
260			f æ qˤ qˤ										f æ qˤ æ qˤ			f a qˤ qˤ a				f æ qˤ æ qˤ		f i qˤ																					f qˤ qˤ							f æ qˤ æ qˤ				f æ qˤ				f æ qˤ æ qˤ	
262																													n f ɔ g				n ə f uː g												n p g							n é f o g							
270				s f r																																						ʃ p r																	
275				ð a ħ l																																						ð ħ l															d ħ l		
281				r a b iː d																					r æ b æ d																	r b d		r b d															
287			č̣ æ m m æ qˤ æ	sˤ aː m i q										č̣ ə m a m m æ qˤ æ								č̣ æ m æ qˤ æ			sˤ m qˤ		sˤ m qˤ	sˤ m qˤ			sˤ a m qˤ a														sˤ m qˤ					a tˤ æ m æ qˤ æ				č̣ æ m qˤ æ	sˤ æ m æ qʷˤ æ			a tˤ æ m æ qˤ æ	tˤ æ m æ qˤ æ
295				ɣ u l aː m							x a l a m i i m														ʕ æ l æ m																	ɣ a l m					ɣ l m										ɣ l m		
308			w æ j n	w a j n												w a j n																													w a j n	w j n	w j n								w æ j n i				
326				ʔ t j	ʔ a t t	ʔ t j			ʔ t j							ʔ a t a w a									ʔ t j		ʔ t j	ʔ t j	í t i		a t a									ʔ t j					ʔ t j		ʔ t j					é t e	ʔ t j	ʔ a t aː	ʔ a t æ w æ	ʔ θ j	ʔ t w		
330				r ʔ j	r e ʔ											r ə ʔ ə j a						r i ʔ a			r ʔ j																			r ʔ j	r ʔ j		r ʔ j							r æ ʔ a	r æ ʔ a j æ				ə r iː
332				q t l		qˤ tˤ l	qˤ æ tˤ æ r æ									qˤ a t a l a									qˤ tˤ l		qˤ tˤ l	qˤ tˤ l			g t l				qˤ tˤ l					qˤ t l					qˤ t l	qˤ t l	qˤ t l	qˤ t l					qˤ tˤ l	qˤ æ t l æ	qˤ æ t æ l æ	q tˤ l		qˤ æ t æ l æ	
340				w h b	h a w a	j h b	a b æ		j h b					a b æ		w a h a b a		a b æ							h a b		j h b	j h b			j h b	a b æ		w h b	j h v		a b æ			j h b					w h b	w h b	w h b	j h b		w aː b æ	a b æ	h á b e	j h b	h a b æ	h a b æ	ʔ b			w aː b æ
349				h r g																	h r g				h r g															h r g		h r g				h r g	h r g	h r g									h r g		
355				r a b b		r a b̠																			r a b		r a b	r a b			r a b									r b r b		r b b		r b									r a b b aː			r a b o	r b		
357	x i m r u			x a m r		ħ a m r aː			ħ m r																ħ æ m æ r			ħ m r	x ɛ r				x aː m ə r		ħ a m r o				ħ m r			x a m r		ħ m r									ħ a m r aː				x m r		
364			a n č̣ ə t	ʔ a n uː q			a n qˤ ə t						a n qˤ i t	a n qˤ ə t		ʔ a n qˤ e		a n qˤ ə t		a n qˤ i t							ʔ j n qˤ w r ʔ					a n qˤ ə t					a n qˤ ə t								ʔ a n qˤ								ʕ n aː qˤ aː						
374			a w r a	ʔ i r aː n			æ r e					a r e ʔ	a r e ʔ	æ r a m						æ r a m̠												æ r e													ʔ i					i r ə č č æ			ʔ a r w aː n aː			a r w o n o		ə r ə č č æ	
376				ʔ i b r a t																					ʔ eː b æ r														ʔ b r			ʔ i b r																	
385			l a t	ʔ a l j a t																		l æ̅ t			ʔ a l j aː			ʔ a l j ə t aː			a l i t a														ʔ a l j a t					l aː t			ʔ e l l iː t aː						
387			ə g ə r	ʔ i ž ə r	i n g i r		æ g ə r					æ g ə r	æ g ə r	æ g ə r	ə gʷ r æ	ʔ ə g r		æ g ə r		æ g ə r		i g i r										æ g ə r					æ g ə r								ʔ i g i					ə n g ə r	æ g ə r			ʔ ə g ə r	ʔ ə g r i			ə n g ə r	ə n g ə r
393				ʕ a g b																					ʕ ă g aː b aː																				ʕ a g b							m a ʕ g é b oʰ							
396				f a r x																					p æ r a ħ																	p a r x											p a r ħ aː						
397			f ə r e				f ə r e					f r e				f ə r e		f r e		f r e		f ə r i			p ə r iː		p eː r aː	p j r j j h	f r ɛ t		p i r a	f ə r ə j æ					f ə r ə j æ							p r j	p i r j								p e ʔ r aː	f ə r e	f ə r æ		p r		f r e
417				ɣ a r a b																					ʕ ă r aː b aː																				ɣ a r a b a t							ʕ a r h i e b	ʕ a r b t aː						
425				ʔ a r z							a r z a t u m					ʔ a r z									ʔ æ r æ z																				ʔ a r z								ʔ a r z aː				ʔ a r z		
436	b u r r u			b u r r							b ù u r t u m														b a r				b o h r				b a r r												b u r r		b r					b o r							
476				b a sˤ a l												b a sˤ a l									b aː sˤ aː l		b u sˤ l aː	b w sˤ l j n	b é sˤ á l				b ə sˤ ə l eː t												b a sˤ a l		b sˤ l						b e sˤ l aː						
482	x a x x u			x a w x												x o x																													x aː x								ħ a ħ ħ aː						
486			a b æ b a	ʔ a b b																					ʔ eː b																				ʔ b b								ʔ e b b aː				ʔ i b		
488				k a r m																					k æ r æ m																	k a r m											k a r m aː				k r m		
505	a qˤ r a b u		a qˤ r a b	ʕ a q r a b												ʕ									ʕ a qˤ r aː b		ʕ a qˤ r a b b aː	ʕ qˤ r b	ʕ a qˤ r é b		a r qˤ b a								ʕ qˤ r b ʔ	ʕ qˤ r b					ʕ a qˤ r a b				ʕ qˤ r b				ʕ e qˤ qˤ a r b aː	ʕ a r qˤ æ b	ʕ ə n qˤ ə r b i t	ʕ eː qˤ a r w o	ʕ qˤ r b		
507			a n k o	ʕ a n k a b												ʔ a n aː k w ə ʕ							ʔ a n ʃ eː t		ʕ a k k aː b iː ʃ				ʕ ə n s̃ j ɛ t		ʕ a n k a b u t		ʔ aː n ʃ ɛ̄ t												ʕ a n k a b									ʕ a k o	ʕ ə k k w æ t				
511	x aː l u			x aː l																									x í ɬ̬ˤ				x a j l												x aː l							ħ a l é l eʰ	ħ aː l aː	ħ aː l		ħ o l o			
517			m ə d ə r	m a d a r	m ə d ə r		m æ d æ r							m æ d æ r		m ə d r		m æ d æ r		m æ d æ r					m æ d æ r		m i d r aː					m æ d æ r	m d ê r				m æ d æ r								m d r		m d r				m ə d ə r		m e d r aː	m ə d ə r	m ə d r i				
519	x i sˤ sˤ u			ħ i s a												x o sˤ aː									ħ aː sˤ aː sˤ								ħ ə sˤ sˤ á j t																			ħ á sˤ a ħ á sˤ i h i n	ħ sˤ aː sˤ aː	ħ o sˤ a			ħ sˤ		
525				d a b r a t												d a b r									m i d b aː r																				d a b r							d á b a r	d a b r aː				m d b r		
527	a r a d u			ʕ a r d		ʕ ă r aː d a j j aː																			ʕ aː r oː d		ʕ ă r oː d aː	ʕ ă r aː d			a r a d a								ʕ r d ʔ		ʕ r d j n	ʕ a r d											ʕ r aː d aː						
538				r iː ħ												r ə ħ e									r uː a ħ				i r á ħ				r iː ħ												r ħ							r a ħ	r uː ħ aː			r u ħ o	r ħ		
539			n ə f a s		n ə f a s										n ə f a s	n a f aː s		n ə f a s														n ə f a s											n f aː s							n ə f aː s	n ə f a s				n ə f a s			n ə f a s	n ə f a s
547			b æ r æ d	b a r a d			b æ r æ g æ	b r d				b æ r æ g g æ	b æ r æ g æ	b æ r æ g æ		b a r a d		b æ r æ d		b æ r æ g æ		b æ r æ d			b aː r aː d		b a r d aː	b a r d aː			b a r d a	b æ r æ d	b ə r eː d				b æ r æ d			b r d					b a r a d		b r d			b æ r æ d æ	b æ r æ d		b a r d aː	b æ r æ d	b æ r æ d			b æ r æ d	b o r o d u
555																n a g h a									n g h				ə n g h ɔ́ t																n g h								n g h						
562				ʕ aː m												ʕ aː m																													ʕ aː m	ʕ m m	ʕ w m												
573				ʔ b j												ʔ a b a j a									ʔ b j									ʔ b j											ʔ b j														
575				ʔ a d a m																														ʔ d m											ʔ a d a m	ʔ d m	ʔ d m							ʔ a d d a m	ʔ a d d a m				
577				a sˤ h a b																					sˤ aː h oː b				sˤ a h b ɔ́ b																sˤ h b														
578				ʔ a s ħ a m																									ʃ ħ a m ú m																ʃ ħ m								ʃ ħ aː m aː						
581	p e sˤ û			f sˤ ħ																					p sˤ ħ		p sˤ ħ				p sˤ i ħ a											p sˤ ħ											p sˤ ħ						
582			qˤ æ l l a												qˤ æ j æ	qˤ a j j ə ħ						qˤ eː ħ																					qˤ j ħ											qˤ æ j ə ħ	qˤ æ j j ə ħ				
583				ʕ u ʃ b																					ʕ eː ɬ æ b																	ʕ ɬ b											ʕ e s b aː	ʕ e ʃ b a j					
586			s æ b				s æ b						s æ b̠	s æ b	s æ b w æ	s a b ʔ		s æ b		s æ b̠		u s u ʔ										s æ b					s æ b						s a b ʔ							s æ b	s æ b			s æ b ʔ	s æ b			s æ b	
587			l ə g				j æ r č					æ ʔ æ č	æ ʔ æ č			w a l d				æ ʔ æ r č		l i g i															j ə g g						w a l d							w æ l d	w æ l d			w a d	w æ d d i				
588			tˤ æ gʷ ə r		č̣ ə g æ r		d ə g æ r					d ə g æ r	d ə g æ r	d ə g æ r	sˤ ə g æ r æ	sˤ a gʷ r		d ə g æ r		d ə g æ r		č̣ i g æ r										d ə g æ r					d ə g æ r						sˤ g r							tˤ i g æ r	č̣ ə g æ r			č̣ ə g a r	č̣ æ gʷ ə r i			č̣ ə g æ r	
593	b u qˤ a r u			b a q a r							b a qˤ á l u m										b qˤ r		b e qˤ e r é t		b aː qˤ aː r						b a qˤ r a		b ə qˤ ə r eː t	b qˤ r			b ə qʷˤ r æ					b a qˤ a r		b qˤ r			b qˤ r						b a qˤ r aː			b a qˤ r o	b qˤ r		
597				ʃ aː ʔ																					ɬ æː																	ɬ a w		ʃ			s ² h										ʃ		
599	l a x r u			r i x l					r ħ l																r aː ħ eː l		r ħ eː l aː	r æ ħ l aː																	r a x i l				r ħ l										
602				tˤ a l a	tˤ a j		tˤ æ̢					tˤ a j	tˤ a j	tˤ a j		tˤ a l i		æ tˤ e		tˤ a j		tˤ aː j			tˤ aː l æː		tˤ a l j aː	tˤ l j			tˤ a l i a	tˤ e		tˤ l j			tˤ e		tˤ l j		tˤ l j				tˤ a l a j	tˤ l j	tˤ l j			tˤ a j	æ tˤ a j		tˤ a l j aː	tˤ a l i t	tˤ e l			tˤ a j	tˤ a j
609	g a d û			g a d j												g a d ə j									g ə d iː		g a d j aː	g d iː		ɣ a ð j a	g a d i a								g d j	g d h		g a d j		g d ʔ									g a d j aː				g d		
612				ʕ a j r																			ħ a j r		ʕ a j i r				a ħ j ɛ r				ħ a j r												ʕ a j r				ʕ j r					ʕ a j r o			ʕ r		
613			f æ r æ s	f a r a s												f a r a s					ʔ f r s ¹ n	f æ r æ z	f e r h iː n		p aː r aː ʃ		p a r r aː ʃ aː	p r ʃ	f e r h í n		p a r a ʃ a		f ə r h á j n					p r ʃ	p r ʃ	p r ʃ	p r ʃ				p a r a ʃ	f r s ¹	f r s ¹				f æ r æ s	f é r h i m	p a r r aː ʃ aː	f æ r æ s	f æ r æ s				
626			w a l i j a	w a ʕ l							w a ì l u m					w ə ʕ ə l aː					w ʕ l		w aː l		j aː ʕ eː l				ɛ b ʕ ó ɬ̬ˤ				w ɛ̄ l												w a ʕ i l	w ʕ l	w ʕ l						j a ʕ l aː		w ə ʕ l a		j ʕ l		
627				ɣ a f r																					ʕ oː p æ r														ʕ p r			ɣ u p r																	
636				q u n f u ð							qˤ ì p á ʃ u m					qʷˤ ə n f ə z									qˤ i p p oː d						qˤ u n p u d														qˤ u n p u ð				qˤ p d				qˤ u p d aː	qˤ ə n f ə z	qˤ ə n f ə z	qˤ u v d o			
637				x u l d																					ħ oː l æ d		ħ u l d aː															x u l d							ħ l d				ħ u l d aː			x ə l t			
638																									ʃ aː p aː n				θ ɔ́ f u n				θ oː f ə n												θ a p a n														
643	n a ʃ r u		n ə s ə r	n a s r		n ə ʃ a r			n ʃ r							n ə s r					n s ¹ r			n ʃ r	n æ ʃ æ r				n ú ʃ e r		n i ʃ r a		n oː h ə r												n a ʃ r								n e ʃ r aː	n ə s ə r			n ʃ r		
644				r a x a m					r ħ m														r e x e m oː t		r aː ħ aː m				ɛ r x õ t				r ə x ə m uː t												r a x a m				r ħ m h										
646			w a n e						j w n							w aː n o s									j oː n aː	j o n a	j oː n aː	j a w n aː		j a w n a	i u n a														j a w n				j w n				j a w n aː			j a w n o	j n t		
648				dˤ i f d i ʕ																			sˤ e f d e ʔ eː t		sˤ ə p a r d eː a ʕ			ʔ w r d ʕ n		u r t a ʕ n a			sˤ̌ ə f d eː t												ɬˤ p a r d ʕ				ʕ r d ʕ n				ʔ u r d ʕ aː						
651										t n n															t a n n iː n		t a n n iː n aː	t n j n			t a n i n a								t n j n						t n n				t n j n				t a n n iː n aː				t n n		
652			h u l æ t t		k e t		xʷ e t					h u r ʔ e t	w ə r ʔ e t	xʷ e t t	ə l ə t t æ	k ə l ʔ e		kʷ e t t		xʷ e t		k o ʔ o t															xʷ e t t						k l ʔ a j								k i t t			k ə l ʔ o t	k ə l ə t t e			h o j t	h o j t
654			l ə tˤ													l ə ħ sˤ																					l ə tˤ æ						l x sˤ												l ə ħ sˤ i			l ə č̣ č̣ a č̣ e	
656				dˤ a b b																			ɬ̬ˤ oː b		sˤ aː b				ẓ̂ ɔ b				ɬ̬ˤ ə b b iː t												ɬˤ a b b								ʕ a b b aː						
665			d i bʷ a r a	d a b r																			ð e b eː r		d ə b oː r aː		z i b b uː r aː			ð a p p a r iː θ a			h a j d e b b î r												d b r							é d b e h e r	d e b b o r t aː			d i b b u r o			
668		n a m a l u		n a m l																			l oː m eː l		n ə m aː l aː				n iː ɬ̬ˤ í n				n oː m iː l												n a m a l								n m aː l aː						
670			qˤ ə m a l	q a m l	qˤ ə m a l		qˤ ə m a r					ʔ ə w aː n	ʔ ə̃ m̠ aː r	qˤ ə m a r		qʷˤ ə m aː l		qˤ ə m a l		qˤ ə m̠ aː r		qˤ u m aː j										qˤ ə m a l					qˤ ə m e			qˤ m l					qˤ u m aː l		qˤ m l t			qˤ u m a l	qˤ ə m a l			qˤ æ m l æ t	qʷˤ ə m a l			qˤ u m a l	qˤ ə m aː j
673			f æ l l a	f l j																			f e l oː					p l j	f é l é				f ə l oː												p l j							f ɛ l̩ e	p l j						
679			a ʃ æ n													ħ a s e n									ħ aː s iː l																				ħ s n										ħ a s æ n		ħ s n		
680			qˤ ə č̣ a m	q a m a sˤ												qʷˤ ə n sˤ											qˤ a m sˤ aː	qˤ m sˤ	qˤ ĩ sˤ		g a m s a								qˤ m sˤ						qˤ sˤ m								qˤ a m sˤ aː			qˤ a m sˤ o	qˤ sˤ m		
684				r i m m a t					r m h																r i m m aː		r i m t aː	r j m h			r i m a														r i m m a t				r m h				r e m t aː						
690			m æ g ə l	m a g l	m ə g ə l											m ə g l											m u g l aː																		m u g l								m u g l aː	m æ g ə l	m æ g l i				
694			w æ t æ r	w a t a r												w a t r			w æ t æ r			w ɔ t æ r			j æ t æ r		j i t r aː				i a t r a														w a t a r								j a t r aː						
695			a n i s a	n a s aː																					n aː ʃ æː		n a ʃ j aː	g j d h																	n a ʃ a j								g e n n e ʃ j aː	n æ s ʔ a			ʔ a n ʃ		
699				x i l b																					ħ eː l æ b			ħ l b														x i l b		ħ l b									ħ e l b aː				x l b		
702				f u d u r r																					p æ d æ r		p i d r aː															p i d r																	
704	g i l d u			g i l d												g a l d							g oː d		g eː l æ d		g i l d aː		g ɔ́ d	ɣ e l t a	g i l d a		g ɛ̄ d												g i l d							g a d	g e l d aː	g ə l d æ t		g a l d o			
709				θ u k n a t						t k m h															ʃ ə k æ m																				θ k m												θ k m		
710			t æ ʃ æ k k æ m æ		ʃ e k k æ m a											s a k a m a																											s k m											ʃ æ k ə m	t æ s æ k k æ m æ				
712	s i g a g g u r iː t u		gʷ ə r o r r o		g u r o r o		gʷ æ r æ r æ							gʷ æ r æ r æ	g u r a r æ			gʷ æ r æ r æ							g a r g æ r æ t						g a n g a r a t a	gʷ æ r æ r æ					gʷ æ r æ r æ								g r g r a t						gʷ æ r æ r æ		g a g g a r t aː		gʷ ə r gʷ ə r i t		g r g r		
713				g i r aː n																					g aː r oː n		g r oː n aː															g r aː n											g n aː r aː						
718				θ a d j																			θ oː d i		ʃ aː d		t a d d aː	t d	θ ɔ́ d ɛ ʔ				θ ó d i												θ a d								t d aː				θ d		
719				n u ʕ n u ʕ a t																			n e ʕ eː t				n ə j aː ʕ aː	n j ʕ	n ə́ ʕ ə h				n ə ʕ iː t												n ʕ								n aː ʕ aː						
720			b ə z	b i z z																							b i z z aː	b z											b z			b i z z											b e z z aː				b z		
723		b a tˤ n u		b a tˤ n		b i tˤ n aː																b æ tˤ n i	b e tˤ ı̄́ n		b æ tˤ æ n				e b tˤ í n				b ə tˤ á j n						b tˤ n			b a tˤ n												b æ tˤ ə n					
725				s u r r																			ʃ e r aː		ʃ oː r		ʃ uː r aː	ʃ w r			ʃ u r a		ɬ iː r ɛ̄									ʃ u r r										ʃ í r a ħ	ʃ e r r aː				ʃ r		
727	x a sˤ aː n u		č̣ ə n	ħ i dˤ n	č̣ ə n										č̣ ə n	ħ ə ɬˤ n						č̣ ə n			ħ oː sˤ æ n			ħ eː n aː									č̣ ə n æ								ħ ɬˤ n					č̣ ə n				ħ ə sˤ ə n	ħ ə sˤ n i			č̣ ə n	č̣ ə n
728				ħ a q w												ħ a qʷˤ e						ħ a č̣ i			ħ eː qˤ		ħ eː qˤ aː		ħ a qˤ ħ é qˤ			a n qʲˤ æ	ħ a qˤ ə w												ħ qˤ w		ħ qˤ w			a n č̣ æ				ħ ə qˤ æ qˤ	ħ ə qʷˤ e		x é qˤ u		
733				ʕ a sˤ a sˤ																					ʕ aː sˤ eː			ʕ j sˤ j																	ʕ a sˤ a j									ʕ e sˤ a t					
739	i sˤ b i t t ú		tˤ a t	ʔ i sˤ b a ʕ	tˤ a d	ʔ æ sˤ b ə ʕ aː n	a t e b æ t				b a u m	a tˤ e	a tˤ e j æ	a t e b æ t	sˤ a t æ	ʔ a sˤ b a ʕ t		a tˤ e b æ t		a tˤ e j æ		a tˤ aː b i ɲ ɲ a	ħ a sˤ̌ b á ʔ		ʔ æ sˤ b a ʕ		ʔ a sˤ b ʕ aː	ʔ sˤ b ʕ	ʔ i sˤ b á ʕ		sˤ i b i t a	a tˤ e b æ t	ʃ̣ ə b á ʔ				a tˤ e b æ t		ʔ sˤ b ʕ						ʔ i sˤ b a ʕ		ʔ sˤ b ʕ			ə n tˤ aː b i t	a tˤ a b æ t	é sˤ b e ʕ	sˤ e b ʕ aː	č̣ ə b ʕ ə t	ʔ a sˤ a b ə ʕ		ʔ u sˤ b ʕ	ə n tˤ a b i t	ə n tˤ aː b i t
744			tˤ u t	tˤ i b j	tˤ u t		tˤ u						tˤ u	tˤ ə w	tˤ ǔ w w æ	tˤ ə b		tˤ ə b u j j a		tˤ u		tˤ oː t	ħ aː tˤ e b						ɛ tˤ ə b			tˤ ə b	w oː tˤ ə b				tˤ ə w ə j j æ								tˤ b					tˤ u b	tˤ ə b u j j a	á ʔ a tˤ a b		tˤ ə b	tˤ u b			tˤ u b	tˤ u b
745			tˤ ə r s													dˤ ə r s																											tˤ i r s												tˤ ə r s i				
757			ə m b ə r t		ə m b ə r t											ħ ə n b ə r t						ħ ə m b uː r tˤ i																					ħ ə n											ħ ə n b ə r	ħ ə m b ə r t i				ə m b ə r b i tˤ
767			n a r æ																									n ʕ r																	n ʕ r									n a ʕ a r	t æ n a ʕ r æ r æ				
768				n b g																							n b g				n b g											n b g											n b g						
774																ʔ ə b e r																											ʔ b r							ə b eː r				ʔ a b b æ r æ				ə b e r	i b iː r iː
779				w r θ												w a r a s a									j r ʃ				e r ɔ́ θ				w iː r ə θ	w r θ											w r θ	w r θ	w r θ					é r e t	j r t				j r θ		
802			b æ l l a		b æ l l a		b æ n a					b æ t n a	b æ n ʔ a	b æ n n a	b æ l l æ	b a l ʕ a		b æ n n a		b æ n ʔ a		b æ l a ʔ a										b æ n n a					b æ n n a						b l ʕ							b æ l a	b æ l a			b æ l ʕ a	b æ l ʕ e			b æ l æ	b æ l æ
805				n a ʕ aː m a t																			m aː m aː						m a ʕ				m eː m a												m a ʕ m a ʕ							m í m a ʕ					m m ʕ		
812				ʃ a ʕ iː r																					ɬ ə ʕ oː r aː				ʃ i ʕ í r				ʃ ə ʕ iː r									ɬ ʕ r					s ² ʕ r						s ʕ aː r t aː	ʃ ə ʕ i r			ʃ ʕ r		
816				b u ʔ b u ʔ																					b aː b a t			b b h														b b											b aː b t aː						
823			k æ n f æ r		k æ n f æ r							k æ f æ r				k a n f a r		k æ n f æ r		k æ n f æ r												k æ n f æ r					k æ n f æ r						k a n p a r								k æ n f æ r			k æ n f æ r	k æ n f æ r				
825				x i n n a w sˤ					ħ n j sˤ																																	x n n sˤ											ħ a n n uː sˤ aː				x e e n n i sˤ u		
829				n aː b																					n iː b		n iː b aː	n j b																	n aː b								n iː b aː	n i b					
838				x i n sˤ i r																					ħ aː sˤ eː r			ħ a	x ə sˤ r é r		h i sˤ r a		x ɔ ʃ̣ ə r r ɔ́ ʔ												x i sˤ r								ħ e sˤ r aː						
840	d u r aː ʔ u	z u r u u x		ð i r aː ʕ												m a z r aː ʕ t							ð e r aː		z ə r oː a ʕ				ð ɛ r a ʕ	ð r oː ʕ a	d r a		ð a r ʔ												ð i r aː ʕ							d i r é ʕ i	d r aː ʕ aː	m æ z r ə ʕ ə t	m æ z r a ʕ ə t		ð r ʕ		
843				ʕ u r q uː b																			ʔ a r qˤ á j b		ʕ a r qˤ uː b								ʔ aː r qˤ a j b												ʕ a r qˤ b								ʕ a r qˤ uː b aː	t æ r qˤ u b					
844	s iː qˤ u			s aː q		ʃ aː qˤ óː h iː										sˤ a kʷ									ʃ oː qˤ			ʃ qˤ			ʃ a qˤ a				č o qˤ o				ʃ qˤ						ʃ aː qˤ								ʃ aː qˤ aː	s ə qˤ u qˤ a			ʃ qˤ		
848				f a x i ð					p h z														e f x aː ð		p a ħ a d		p a ħ d iː n		f a x ð				ə f x aː ð								p ħ z				p a x i ð	f x ð	f x ð					f â ħ i d	p u ħ d aː						
853			s o s t	θ a l aː θ	s u ʔ s t		s o s t					s o ʔ o s t	s o ʔ o s t	s o s t	sʷ o s t æ			s o s t		s o ʔ o s t		ʃ i ʔ i ʃ t i			ʃ aː l o ʃ		t l aː θ aː				t l a t a	s o s t					s o̢ s t					θ a l aː θ		ʃ l ʃ			s ² l θ			ʃ eː ʃ t	s o s t		t l aː θ	s a l a s	s æ l æ s t æ	t l o θ o	θ l θ	ʃ e ʃ t	ʃ e ʃ t
861			b ə z u				b æ s a							b æ z z a		b ə z u x		b æ z z a				b æ z æ ħ a										b æ z z a					b æ z z a						b z x							b æ z æ	b æ z z a			b ə z u ħ	b ə z u ħ			b æ z æ	b æ z æ
862			k ə b b	k b b												k ə b u b													e k b é b				k b uː b												k b						k ə b b			k ə b u b	k æ b b i b				
865			t ə n n ə ʃ		m a n s							ə n s			ə n s æ	n ə ʔ u s																											n ʔ s											n ə ʔ u ʃ	n u ʔ u s				
866			qˤ o m æ												qˤ o m æ	qˤ o m a									qˤ w m									qˤ w m											qˤ w m	h qˤ m	qˤ w m				qˤ o m æ		qˤ w m		qˤ o m æ	q j m			
868			tˤ æ j		tˤ æ h a t		č̣ e t							č̣ e t		ɬˤ a ħ aː j		č̣ e t		č̣ a j t												č̣ e t					č̣ e t						ɬˤ a ħ aː j											sˤ æ ħ a j	sˤ æ ħ a j				
870			a m æ d		h a m æ d		a m æ d					a w æ̃ d	a m̠ æ̃ d	a m æ d	ə m æ d a g	ħ a m a d		a m æ d		a m̠ æ̃ d		ħ a m æ d										a m æ d					a m æ d						ħ a m a d							a m æ d	a m æ d			ħ a m æ d	ħ a m æ d			a m æ d	a m æ d
872			m u qˤ													m ə w w ə qˤ						m u qˤ																					m w qˤ								m u qˤ ə n n a				m o qˤ				
873			d æ m m æ n a													d a m m a n aː						d aː n a																					d a m m a n aː								d æ m m æ n a				d æ m m æ n a				
874				d a m m																																									d m m								d i m t aː						
875																ʔ a n qˤ o qˤ ə ħ o						a qˤ u ħ																					ʔ a n qˤ o qˤ ə ħ o								a n qˤ o			ʔ ə n qˤ o qˤ ə ħ o	ʔ ə n qʷˤ a qʷˤ ə ħ o				
876			a s a		a s a		a s a					a s æ	a s a	a s a	a s æ	ʕ aː ɬ aː		a s a		a s a												a s a					a s a						ʕ a ɬ aː								a s a			ʕ aː s aː	ʕ a s a				
877			s ə g a													ɬ ə g aː																											ɬ ə g aː											s ə g a	s ə g a				
879				ʕ r q																					ʕ r qˤ																				ʕ r qˤ								ʕ r qˤ						
880			a r r æ qˤ æ													ʕ a r qˤ æ																											ʕ r qˤ											ʕ a r qˤ æ	ʕ a r æ qˤ æ				ə n d ə r a qˤ
881																b a l x a						b æ l æ ħ a																					b l x								b u l æ			b æ l x a	b æ l ħ e				
883			b æ t t ə r													b a t r						b æ r t i																					b a t r							b æ r t	b æ t t ə r			b æ t ə r	b æ t r i			b æ r t	b æ r t
884			g æ r r æ m æ													g a r a m a																											g r m							g æ r æ m æ	g æ r r æ m æ			g æ r r æ m æ	g æ r æ m æ				
885			a m m æ m æ w													ħ a m a m a																											ħ m m											ħ a m m æ	ħ a m æ m æ				
887			a l æ qˤ qˤ a													l a qˤ qˤ ə ħ a						a l eː qˤ æ ħ a																					l qˤ ħ												ʔ a l æ qˤ qˤ ə ħ e				
889			m a r									m a ʔ a r				m a ʕ aː r						m aː r																					m a ʕ aː r											m æ ʕ a r	m æ ʕ a r				
890			a m l a k													ʔ a m l aː k																											ʔ a m l aː k											ʔ a m l a k	ʔ a m l a k				
892			m ə r a t													m a r ʕ aː t																											m a r ʕ aː t								m æ r a t			m æ r ʕ a t	m æ r ʕ a t			m æ r a t	
893			n a		n a		n e x æ							n e x æ	n a n æ	n a ʕ a		n æ h æ				n a ʔ										n e h æ					n æ x æ						n a ʕ a							n a	n æ h æ			n a ʕ a	n æ ʕ a			n æ h æ	n a
895				n g ʃ																					n g ɬ									n g s ²											n g ɬ	n g s ²	n g s ²										n g ʃ		
896			n æ g g æ s æ													n a g ɬ a						n æ g æ s æ																					n g ɬ								n æ g g æ s æ			n æ g s æ	n æ g æ s æ				
898			r æ k k æ b æ													r a k a b a																r æ k k æ b æ											r k b							r æ k æ b æ				r æ k b æ	r æ k æ b æ				
899			r æ s s a		r ɛ s s ɛ ʕ		t æ r æ s a					t æ n æ s s a ʔ a	t æ r æ̃ s a	t æ r æ s s a		r a s ʕ a		r æ s s a		t æ r æ s a		r æ s a ʔ a										r æ s s a					t æ r æ s s a						r s ʕ							r æ s a	æ r æ s s a			t ə r æ s s ə ʕ a	r æ s s ə ʕ e			r æ s æ	r æ s æ
902																ʕ ə l a t						m æ ʔ a l t u																					ʕ l a t								m a j			ʕ ə l æ t	ʕ ə l æ t				
903			b æ qˤ qˤ a													b a qʷˤ ʕ a						b æ qˤ a																					b qʷˤ ʕ								b æ qˤ qˤ a				b æ qʷˤ ʕ e				
904			f æ tˤ tˤ æ n æ													f a tˤ a n a						f æ tˤ æ n æ																					f tˤ n								f æ tˤ tˤ æ n æ				f æ tˤ æ n æ				
905			gʷ æ d d æ l æ													gʷ a d a l a																											gʷ d l								gʷ æ d d æ l æ				gʷ æ d æ l æ				
906			a l l æ									a n æ				h a l l a w a						ħ a l																					h l w											h a l l a	ʔ a l l o				
907			g æ z z a		g æ z z a		g æ s a					g æ z z a ʔ a	g æ s a	g æ z z a	g æ z z æ	g a z ʔ a		g æ z z a		g æ z a		g æ z a ʔ a										g æ z z a					g æ z z a						g z ʔ							g æ z a	g æ z z a			g æ z ʔ a	g æ z ʔ e			g æ z æ	g æ z aː
908												w æː r æ			h o r æ	ħ o r a						ħ aː r æ																					ħ w r																
909			a z z æ l æ													ħ a z a l a						ħ a z æ l æ										e z z æ l æ											ħ z l											ħ a z l æ	ħ a z æ l æ				
910			a tˤ tˤ æ b æ		a tˤ tˤ æ b a		a tˤ æ b æ					a ʔ æ w æ	a ʔ æ b̠ æ	a tˤ tˤ æ b æ	a sˤ sˤ æ b æ	x a ɬˤ a b a		a tˤ tˤ æ b æ		a tˤ æ b̠ æ		ħ a tˤ æ b æ										a tˤ tˤ æ b æ					a tˤ tˤ æ b æ						x ɬˤ b							a tˤ æ b æ	a tˤ tˤ æ b æ			ħ a sˤ b æ	ħ a sˤ æ b æ			a tˤ æ b æ	
912														x a b æ		k a ʕ a b a						k a ʕ a b																					k ʕ b											k æ ʕ a b æ				k a b æ	
913			qʷˤ æ s s æ l æ													qʷˤ a s l a																											qʷˤ s l								qʷˤ æ s s æ l æ				qʷˤ æ s æ l æ				
914			h e d æ											h e d æ		k e d a						x e g æ																					k j d												k æ d æ				
915				k a d iː d																									k é d é				k d uː												k d														
916			l æ m æ l l æ m æ													l a m l a m a																											l m l m								l ə m æ l l æ m æ				l æ m l æ m æ				
917			l a č̣ č̣ æ													l aː sˤ a j a																											l sˤ j								l a č̣ č̣ æ			l a sˤ a	l a sˤ æ j æ				
918																									m ħ l			m ħ l																	m ħ l		m ħ l j												
919			m a l æ													m a ħ a l a																											m ħ l								m a l æ			m æ ħ a l æ	m æ ħ a l æ				m aː l æ
920			m æ h a n													m a k k aː n		m æ k a n																									m a k k aː n											m æ k a n	m æ k a n				m æ h a n
922				θ k l																					ʃ k l			t k l			t k l									h ʃ k l h		θ k l											t k aː l aː				θ k l		
923				m r ħ																																									m r ħ								m a r r aː ħ aː						
924			m æ r r a													m a r ħ a																											m r ħ							m æ r a	m æ r r a			m æ r ħ a	m æ r ħ e				
925			m æ r e t													m a r e t																											m a r a j t											m æ r e t	m æ r e t				
926																																													m r t		m r t												
927			n æ b b æ r æ													n a b a r a						n æ b æ r æ																					n b r								n æ b b æ r æ			n æ b r æ	n æ b æ r æ				
928			n æ d d æ d æ		n æ d d æ d a		n æ d æ d æ					n æ t t æ d æ	n æ t æ d æ	n æ d d æ d æ		n a d d a		n æ d d æ d æ		n æ t æ d æ		n æ d æ d æ										n æ d d æ d æ					n æ d d æ d æ						n d d							n æ d æ d a	n æ d d æ d æ			n æ d d æ	n æ d æ d æ			n æ d æ d a	n æ d æ d a
929				n a g d																																									n g d								n g d						
930			n æ g g æ d æ													n a g a d a						n i g d i																					n g d								n æ g g æ d æ			n æ g d æ	n æ g æ d æ				
931			s a m æ		s æ h a m a		s a m æ					s a ʔ a m æ	s ã ʔ aː m̠ æ	s a m æ	s a m æ	s a ʕ a m a		s a m æ		s a ʔ a m̠ a												s a m æ					s a m æ						s ʕ m							s aː m æ	s a m æ			s æ ʕ a m æ	s æ ʕ a m æ			s a m æ	s aː m æ
933			tˤ æ b b æ b æ													sˤ a b b a						tˤ æ b æ b æ																					sˤ b b								tˤ æ b b æ b æ			sˤ æ b b æ	sˤ æ b b æ				
934													w i ʔ æ			w ə ʕ j a						w ə j																					w ʕ j												w æ ʕ a j æ				
935																									l w tˤ				e l b é tˤ				a l w iː tˤ												l w tˤ														
936			l æ w w æ tˤ æ													w a l l a tˤ a						n aː w æ tˤ æ																					w l tˤ								l i w w æ tˤ æ			l æ w æ tˤ æ					
937			a n æ tˤ tˤ æ s æ	ʕ tˤ s			æ tˤ i ʃ ʃ æ					a n tˤ i ʃ ʃ u	æ̃ tˤ ʃ æ	ə tˤ tˤ ə ʃ ʃ		ʕ ə tˤ a s		a n tˤ ə ʃ ʃ		a tˤ ə ʃ æ		ħ a tˤ tˤ i ʃ	ʔ a tˤ oː ʃ		ʕ ă tˤ iː ʃ aː			ʕ tˤ ʃ	ʕ ɔ tˤ ɔ ʃ			ə n tˤ ə ʃ ʃ e	ʔ á w tˤ ə h				a n tˤ ə ʃ ʃ								ʕ tˤ ʃ					a n tˤ ə ʃ ʃ	a t n i tˤ tˤ æ s æ	ʕ ö́ tˤ a ʃ	ʕ tˤ aː ʃ aː	ħ a tˤ tˤ æ ʃ æ	h a tˤ æ ʃ æ			ə n tˤ i ʃ ʃ o	h a tˤ i ʃ ʃ o
938			a w w æ r æ	ʕ w r	ə w w ə r											ʕ o r a							ʔ á j w e r		ʕ i w w eː r				ʕ eː r	ʕ w r	ʕ u i r a		ʔ á j w e r				a w w æ r æ			ʕ w r				ʕ w r	ʕ w r					uː r			ʕ w aː r aː	ʕ o r æ			ʕ w r		
941			z æ m m a	ð m m												z a m m a w a									z i m m aː																				ð m m												d m		
943			gʷ a g gʷ æ tˤ æ	g a ʕ a ðˤ																											g i u tˤ a														g ʕ θˤ								g ʕ tˤ						
946				d n w			d æ n a					d æ t n a		d æ n n a																															d n w														
950				ħ b l												ħ a b l a									ħ eː b æ l						m h a m b l a											ħ b l											ħ b l						
953			a n æ k k æ s æ		a n æ k k æ s æ											ħ a n k a s a		a n k a s s a																									ħ k s											ħ a n k æ ʃ æ					
954			a l l æ m æ	ħ l m												ħ a l a m a							ħ á j l e m	ħ l m	ħ l m			ħ l m	ħ é l m	ħ l m	h l m		ə ħ t ə l uː m						ħ l m	ħ l m				ħ l m	ħ l m		ħ l m						ħ l m	ħ a l m æ	ħ a l æ m æ		ħ l m		
956				ħ l m																					ħ l m						h l m											ħ l m											ħ a l l iː m aː			ħ l i m o	ħ l m		
957	x a l û		a l l æ l æ	ħ l l												t a ħ a l a l a									ħ l j				ħ ɛ̄ l	ħ a j l a	h l a		ħ ə j uː l												ħ l j							ħ á j i l		ħ ə l l a					
958				ħ j dˤ																									a ħ b é ẓ̂																ħ j ɬˤ		ħ j dˤ					m a ħ ɬ̬ˤ é ɬ̬ˤ o h		ħ e d					
959				x a r m aː ʔ																					ħ aː r uː m				x a r m é t				x ə r m iː t												x r m														
963				k ʔ b																					k ʔ b		k ʔ b	k ʔ b			k i b				k j v							k ʔ b											k e b						
965				q d ħ																					qˤ d ħ																			qˤ d ħ	qˤ d ħ								qˤ d ħ						
969				q r ʕ												qˤ a r r ə ħ a							qˤ e r oː ħ		qˤ r ħ			qˤ r ħ	qˤ é r ħ				qˤ á w r ə ħ												qˤ r ħ						qˤ o r a r a		qˤ r ħ	qˤ ə r u ħ	qˤ æ r æ n qˤ æ r a				
974				f i r s i n																					p a r s aː			p r s h			p r a s														p r s								p a r s t aː	f ə r s ə m					
979				r a j r																					r iː r		r iː r aː				r i r a											r iː r											r iː r aː						
982			m ə r a qˤ	r iː q	m u r a č̣							m ə n ə ʔ				r a qˤ									r oː qˤ			r qˤ qˤ																	r qˤ					m ə r aː qˤ			r qˤ qˤ	m ə r r a qˤ	m ə r r a qˤ			m ə r a qˤ	m ə r a qˤ
983	n a x n a x a t u			n u x m a t												n a x aː ʔ													n x ɔ x																n x								n a ħ n a ħ t aː						
988			a r	x u r ʔ	h a r		a r æ					a r ʔ æ		a r æ				a r æ		a r ʔ æ					ħ ă r aː ʔ iː m			ħ aː r eː			h r a						a r æ								x r ʔ						a r æ	ħ a r j ó m o h	ħ e r j aː	ħ a r ə ʕ	ħ a r ʔ i		x r ʔ		
989				dˤ a f ʕ												ɬˤ ə f ʕ							ɬ̬ˤ oː f a ʔ		sˤ aː p iː a ʕ				ɬ̬ˤ ɔ́ f u ɣ				ɬ̬ˤ oː f ə ɣ												ɬˤ p ʕ									č̣ æ f ə ʕ	sˤ æ f ʕ i				
990				g a l l a t																					g eː l		g aː l aː l				g a l a														g l l									g æ l l o					
991	e z û			ðˤ i j j a t	č̣ e ʔ		č̣ ə j æ						č̣ i j æː	č̣ ə j j æ	č̣ i č̣ æ t æ	sˤ i ʔ a t		č̣ i j æ		č̣ ə j æː					sˤ eː ʔ aː				ðˤ é ʔ			č̣ ə j æ	ðˤ aː j				č̣ ə j æ								θˤ i ʔ a t						č̣ ə j æ	ʃ á tˤ i		sˤ a j ʔ a	č̣ æ ʔ æ		θˤ ʔ u		
992				d i m n																					d oː m æ n																	d m n																	
997			m æ tˤ m æ tˤ æ	m sˤ sˤ																					m iː sˤ				m i sˤ sˤ				m ə sˤ												m sˤ sˤ							m e sˤ	m sˤ sˤ				m sˤ sˤ		
998			a tˤ æ b b a		a tˤ æ b b æ d		tˤ æ pʷ æ					a tˤ o p p æ	tˤ æ pʷ æ	a tˤ æ b bʷ æ	sˤ æ b b æ	tˤ a b a w a		a tˤ o b b æ		tˤ æ pʷ æ		tˤ æ b a										tˤ o b b æ					a tˤ æ b bʷ æ						tˤ b w							a tˤ o b e	a tˤ o b b æ			ʔ a tˤ b aː	ʔ a tˤ b æ w æ t			a tˤ o b e	tˤ o b uː
999											s i k à p ù u m					s a k a b a									ʃ k b																				ʃ k b								ʃ k b				ʃ k b		
1013				q u r ħ a t												qʷˤ ə r ħ a t									qˤ o r ħ aː																				qˤ u r ħ a t								qˤ u r ħ t aː						
1014			gʷ æ b æ b b	g a b a b														gʷ æ b a n a							g i b b eː n			g b j n t h									gʷ ə b ə n								g b b								g b i b aː						
1015	g i p ʃ u																	g u m b ə s																											g b θ						g u m b u s			g æ b ə s			g b θ t	g u m b u s	
1016																									d a b b æ ʃ æ t																				d b ʃ									d ə b ə s					
1017				ðˤ l ʕ												sˤ a l ʕ a							ðˤ á w l a		sˤ l ʕ		tˤ l ʕ		ðˤ é l a ʕ				ðˤ á w l a												θˤ l ʕ														
1019			č̣ ə m m	sˤ m m			a č̣ č̣ æ m a m					č̣ æ m m aː	a č̣ č̣ æ m aː	a č̣ č̣ æ m m a m		sˤ a m m a		č̣ e m m a m		a č̣ č̣ æ m aː					sˤ u m m aː m							č̣ e m m a					a č̣ č̣ æ m m a m								sˤ m m								sˤ a m m aː	sˤ æ m m æ	sˤ æ m æ m æ				
1020				ʕ i l g							a a g ú														ʕ i l l eː g																				ʕ l g									t æ ʕ a l a g æ g æ			ʕ l g		
1027																									ʔ æ̆ n oː ʃ																				ʔ n aː ʃ									ʔ ə n a s					
1030				n i s uː n a																					n aː ʃ iː m																	n ʃ uː m a											n e ʃ ʃ eː			n i ʃ e			
1032			r a b æ	r ɣ b	r ɛ ħ a w ɛ j											r ə x b a		æ r a b æ				r æ ħ a b a			r ʕ b												æ r a b æ								r ɣ b					r aː b æ	æ r a b æ						r ɣ b	r a b æ	r aː b æ
1033				ʕ a m m																					ʕ a m									ʕ m								ʕ a m m		ʕ m									ʕ a m m aː						
1035	x a t a n u			x a t a n																	x t n				ħ aː t aː n																	x a t a n					x t n						ħ a t n aː				x a a t n i		
1036	w a t m u			j a t iː m																			ħ e j t eː m		j aː t oː m				ó t í m				ħ ə j t iː m												j a t m						t a mʷ j æ	ɛ j t i m	j a t m aː				j t m		
1039				ʕ a b d																					ʕ æ b æ d									ʕ b d								ʕ a b d				ʕ b d	ʕ b d						ʕ a b d aː				ʕ b d		
1051	m a l l a x t u			m i l ħ												m a l l ə ħ a									m æ l a ħ		m i l ħ aː		m í ɬ̬ˤ ħ ɔ́ t		m i h l a		m ə l ħ aː t												m i l ħ		m l ħ						m e l ħ aː			m a l ħ o	m l ħ		
1056																d a l a w a																											d l w												d æ l æ w æ				
1057	x a l aː p u		a l l æ b æ	ħ a l a b	ħ a l l ɛ w		e b					a n n æ w æ	a n æ b̠ æ	a n n æ b æ		ħ a l i b		a l l æ b æ		a n æ b̠ æ		ħ a l æ b a			ħ aː l aː b				ħ ɔ́ l ɔ́ b			a l l æ b æ	ħ ə l uː b				a l l æ b æ								ħ a l a b					a l æ b æ	a l l æ b æ	ħ é l̩ o b	ħ a l b aː	ħ a l i b	ħ a l æ b æ		ħ l b	a l æ b æ	a l æ b æ
1060	g u b n a t u			g u b n a t												g ə b n a t									g ə b iː n aː				g ə b n				g ə b n									g u b n a t											g b e t t aː		g ə b æ n a				
1072				m a r a q							m a r qˤ ù m					m a r a qˤ									m aː r a qˤ				m í r ɛ qˤ				m ə r eː qˤ												m a r a qˤ							m a r á qˤ							
1073	m a l k u			m a l i k							m a l i g ú u m														m æ l æ k				m é l í k				m ə l eː k	m l k											m a l i k	m l k	m l k						m e l k aː				m l k		
1081				f a h d																	h d n j w								f h ə d d ɛ t		p a h a d		f ə h ə d eː t												p a h d								p a h d aː						
1082				f a ħ ħ aː r			f ə r f ə r					f ə f f ə r	f ə r f ə r	f ə r f ə r				f ə r f ə r		f ə r f ə r		f oː ħ r i							f ħ a r ɛ t								f ə r f ə r								p ħ r					f ə r f ə r									
1086				ʕ tˤ f												ʕ a tˤ a f a									ʕ tˤ p				ʕ ɔ́ tˤ ɔ́ f				ʔ aː tˤ á w f												ʕ tˤ p								ʕ tˤ f						
1089			w æ j f æ n	j a f a n			w æ f e r					w æ͂ f iː r	w æ͂ f iː r	w æ f e r		t a j f a n		w æ f e n														w æ f e n					w æ f e n								j a p a n					m oː f æ n	m o f æ n				t æ f i n		j p t	m o f æ n	
1090			g ə b æ r	d u b r																											d i b r a														d b r														
1091				d u h n																					d aː h oː n	d o h n a	d h n				d h n										d h n				d u h n								d uː h aː n aː	d æ h a n æ					
1092			d ə m a h	d i m aː ɣ	d ə m a h										d ə mʷ æ	d ə m aː ħ																													d m aː ɣ					d u m				d ə m qˤ a t				d u m i	
1094			d æ r æ t	d i r r a t	d æ r æ t													d æ r æ t											e d r e r			d æ r æ t					d æ r æ t								d a						d æ r æ t				d æ r æ t				
1096	g a n n u			g i n n																																						g n n															g n g n		
1097				w a g n a t								g ʔ i n	g ʔ i n					g ʔ i n		g ʔ i n			w e g n eː t						oː g ə n			g ʔ i n	w ə g n eː t				g ʔ ə n								g u						g i n		g uː n iː t aː						
1098				g a n aː ħ																																									g a n a ħ							g a n ħ							
1100				g aː r			g æ r a							g æ r a																							g æ r a								g a r									g ə r r a					
1101				g a w f																			g a w f	g w p	g uː p aː		g w p	g w p	m g ɔ f f ɔ́ t				g a w f												g a w p									g o f					
1105				ʕ a g a l a t																					ʕ ă g aː l aː								ʔ aː g ə l eː t									ʕ a g a l a t											ʕ aː g a l t aː						
1106			b b	b i												b a			b æ			b e	b		b ə				b		b		b ə	b										b	b i	b	b					b e	b	ʔ ə b	ʔ a b	b	b		
1112			b ə č̣ a	ʔ a b j a dˤ												b e sˤ aː																										b j ɬˤ												b æ j j æ sˤ æ					
1113				tˤ r w												tˤ ə r aː j									tˤ aː r iː				tˤ é r i ʔ				tˤ á j r i												tˤ r j								tˤ a r r u n aː				tˤ r j		
1114				ʔ a d a m a t																					ʔ ă d aː m aː																	ʔ a d a m a t											ʔ a d a m t aː						
1115				ʔ i l aː h																					ʔ æ̆ l oː a h									ʔ l h								ʔ i l aː h				ʔ l h	ʔ l h						ʔ a l aː h aː			a l o h o	ʔ i l h		
1118				f ħ ħ																					p w ħ		p w ħ																		p x								p w ħ	f ə ħ o t					
1120				ʔ i l aː																					ʔ æ l						a l a								ʔ l	ʔ l		ʔ i l		ʔ l															
1121				ʕ q r																					ʕ aː qˤ aː r			ʕ qˤ r h			a qˤ r a											ʕ qˤ r											ʕ a qˤ r aː						
1122				ʕ i n d a																					ʕ i m		ʕ i m	ʕ æ m			ʕ m			ʕ m				ʕ m		ʕ m	ʕ m	ʕ i m m				ʕ m n	ʕ m						ʕ a m				ʕ m		
1123				ʕ n w																					ʕ n j									ʕ n w								ʕ n j					ʕ n w						ʕ a n w aː j aː				ʕ n j		
1124			a f a qˤ æ	f ʔ q												f a h a qˤ a																													p w								p w qˤ						
1125				b a l																					b a l																	b a l		b l													b l		
1127				g a f n																					g æ p æ n																	g a p n											g p e t t aː				g p n		
1129				g a w z a l																					g oː z aː l			g oː z aː l aː														g a w z a l											z u g a l l aː						
1130																t a ʕ a l m a									ʕ l m																				ɣ l m												ɣ l m t		
1131				ʕ i n a b																					ʕ eː n aː b																	ʕ i n a b					ʕ n b						ʕ e n b t aː				ɣ n b		
1132				ɣ n j																					ʕ n j								a ɣ oː n i									ɣ n j											ʕ n j						
1133				h a l u m m a																					h ă l oː m																	h a l u m m a																	
1134				ħ a g g																					ħ a g				ħ e g g				ħ ə g									ħ a g g				ħ g	ħ g					ħ g g	ħ a g g aː	ħ ə g					
1135				ħ l l																					ħ l l				a ħ l é l				ħ ə l oː l									ħ l l				ħ l l	ħ l l						ħ u l l aː	ħ a l l æ l æ			ħ l		
1136				x u l d																					ħ æ l æ d									k x l d								x l d																	
1137				k ð b								k æ z æ b æ	k æ z æ b̠ æ							k æ z æ b̠ æ		k i z			k z b							k æ z z æ b æ					k æ z z æ b æ					k ð b								k eː z æ b æ			k d b	k æ z b æ					
1139				q s w																					qˤ ʃ j								qˤ oː s i									qˤ ʃ w											qˤ ʃ j				qˤ ʃ		
1140				l a j θ																					l a j i ʃ																	l a j θ							l j t										
1141	m i g d u			m a g d																					m æ g æ d																	m a g d											m a g d aː						
1142				m a ɣ aː r a t																					m ə ʕ aː r aː																	m a ɣ aː r a t											m ʕ a r t aː						
1143																									m aː ħ aː r																	m a x a r					m x r						m ħ aː r						
1147																									n p l																	n p l					n f l						n p l				n p l		
1148				f a x x																					p a ħ																	p a x x											p a ħ ħ aː						
1149				f u l aː n																					p ə l oː n iː				f l á n i				f ə l aː n									p u l aː n											p l aː n	f ə l l a n					
1150				r i b b i j j							r í					ʔ a r b aː b									r ə b aː b aː																	r i b a b a t											r e b b u				r b t		
1151				r k k																					r k k				r e k k													r k k											r k k			r a qˤ i qˤ o			
1152				r dˤ dˤ																					r sˤ sˤ																	r ɬˤ ɬˤ											r ʕ ʕ						
1153				sˤ l ħ																					sˤ l ħ				sˤ é l a ħ				h ə sˤ l eː ħ									sˤ l ħ					sˤ l ħ						sˤ l ħ						
1154				s ʔ r																					ʃ ʔ r									s ¹ ʔ r								ʃ ʔ r					s ¹ ʔ r						ʃ j aː r aː	s æ ʔ a r			ʃ ʔ r		
1155	ʃ e l û			s l w																					ʃ l w				e s l é				s oː l i									ʃ l w											ʃ l j				ʃ l w		
1156	s a w û			s w j																					ʃ w j				e s s ó i				ə s t uː w i									ʃ w j											ʃ w j						
1157				ʃ ʕ r																					ɬ ʕ r									s ² ʕ r								ɬ ʕ r					s ² ʕ r												
1158				ʃ k r												ɬ ə k u r									ɬ k r				ɬ é k ə r				ɬ ə k uː r									ɬ k r					s ² k r										ʃ k r		
1159				ʃ a m l a t																					ɬ i m l aː								ʃ á m l ə h						ʃ á a m l a t			ɬ a m l a t																	
1160	ʃ a n n aː ʔ u			ʃ n ʔ																					ɬ n ʔ																	ɬ n ʔ				s ² n ʔ	s ² n ʔ						s n j				ʃ n ʔ		
1161				ʃ r d																					ɬ r d																	ɬ r d											s r d						
1162				tˤ m ʔ																					tˤ m ʔ																	tˤ m ʔ					tˤ m ʔ						tˤ m a						
1163				θ a m m a		t a m m aː																			ʃ aː m		t a m m aː n													ʃ m		θ a m m a											t a m m aː n			t a m o	θ m		
1164	ʃ a p aː tˤ u																								ʃ p tˤ									θ f tˤ								θ p tˤ		ʃ p tˤ		θ f tˤ	θ f tˤ										θ p tˤ		
1165				θ w b																					ʃ w b				θ ɔ́ b				θ w uː b	θ w b								θ w b				h θ b	θ w b						t w b				θ w b		
1166				w ʕ ðˤ		j ʕ tˤ																			j ʕ sˤ																	w ʕ θˤ					ʕ θˤ t												
1167				w i s aː d																					j s d									m w s ³ d								w s d					m s ³ d						ʔ e s s aː d aː				m s d t		
1168				w a t i d																					j aː t eː d																	w a t i d												m ə t ə d					
1169				j a ħ m uː r																					j a ħ m uː r		j a ħ m u r t aː	j ħ m w r			i a m u r i a											j a ħ m uː r							j ħ m w r				j a ħ m u r aː				j ħ m r		
1170				ʔ θ m																					ʔ ʃ m				ʔ é θ ə m				ʃ ə w θ uː m									ʔ θ m															ʔ θ m		
1171	x aː z i r u m	ʕ i ð i r t u		ʕ ð r																					ʕ z r				ʕ ɔ́ ð ɔ́ r				ʔ aː ð oː r									ʕ ð r		ʕ z r		ð ʕ ð r	ʕ ð r						ʕ d r				ʕ ð r		
1172				ð a h a b																					z aː h aː b				ð e h é b				ð ə h eː b	ð h b								ð a h a b				ð h b	ð h b						d a h b aː						
1173				g a d r																					g aː d eː r		g d r		g é d ɔ́ r				g iː d oː r	g d r								g d r												g ə d a r	g i d a r o		g d r t		
1174	g a n n u			g a n n a t												g a n n a t									g a n				g ɛ n t				g ə n n eː t	g n t											g a n n	g n n	t g n						g a n t aː				g n		
1176	x u b uː s u			ħ b s												ħ a b s									ħ b ʃ				ħ ɔ̄ s				ħ ə b uː s									ħ b ʃ										ħ é b o s	ħ b ʃ	ħ a b b æ s æ			ħ b ʃ		
1177				ħ m d																					ħ m d			ħ m d	ħ õ d				ħ ə m uː d									ħ m d					ħ m d							ħ a m m æ d æ			ħ m d		
1178				ħ f ðˤ																					ħ p sˤ				ħ f ɔ ðˤ				ħ ə f uː ðˤ	ħ f θˤ								ħ p θˤ											ħ p tˤ						
1179				ħ f j																					j aː ħ eː p								ħ á j f i									ħ p											n ħ p						
1180			h u r r	ħ u r r																					ħ oː r									ħ r								ħ u r r				ħ r	ħ r						ħ e r aː	ħ ə r	ħ a r r æ r æ				
1181			a r b	ħ a r b															a r b						ħ æ r æ b				o ħ ú r b				ħ oː r ə b									ħ a r b					ħ r b						ħ a r b aː	t æ ħ a r æ b æ			ħ r b		
1182				x m r				ħ m r																	ħ m r				x ɔ́ t m ə r				x á t m ə r												x m r							ħ á m r eʰ		ħ a m r æ					
1183				x a j tˤ																					ħ uː tˤ		ħ w tˤ		x í tˤ é t				x iː tˤ á j t									x a w tˤ											ħ u tˤ aː						
1184				k aː h i n												k aː h ə n									k oː h eː n																	k aː h i n											k aː h n aː				k h n		
1185				k t b												k ə t aː b									k t b				k t ɔ b				k ə t uː b									k t b											k t b				k t b		
1186			k æ t t æ b æ	k t b																																									k t b								m a k t b aː	k a t æ b æ	k a t æ b æ				
1187				q r ʔ																					qˤ r ʔ								qˤ ə r uː	qˤ r ʔ								qˤ r ʔ					qˤ r ʔ						qˤ r j	qˤ æ r ʔ a		q r j	qˤ r ʔ		
1188				q a r j a t																					qˤ æ r æ t				s̃ˤ í r ɛ t													qˤ r j a t											qˤ r i t aː				qˤ r t		
1189				q r ʔ																					qˤ r ʔ																	qˤ r j				qˤ r w	qˤ r w										qˤ r j		
1190				m n ʕ																					m n ʕ		m n ʕ	m n ʕ	m í n a ʕ				m uː n a	m n ʕ								m n ʕ					m n ʕ							m æ n n ə ʕ a					
1191				m n ħ																																						m n ħ										m n ħ		m æ n n ə ħ a			m n ħ		
1192				n a ʕ l																					n a ʕ a l								n ə ʔ aː l									n a ʕ l											n a ʕ l aː						
1194	n a x aː l u			n ħ l																					n ħ l				n a ħ á l				n ə ħ aː l	n ħ l								n ħ l				n ħ l	n ħ l										n ħ l		
1195	n a qˤ aː m u m			n q m																					n qˤ m															n qˤ m		n qˤ m					n qˤ m					n ö́ k a m							
1196				n q j																					n qˤ j			n qˤ j	n í qˤ i				n á j qˤ i									n qˤ j										n é qˤ i							
1197				n sˤ b							n a z i b ù														n sˤ b				n sˤ ɔ b				n ə sˤ á w b									n sˤ b		m sˤ b t			n sˤ b					n é sˤ a b	n sˤ b				n sˤ b		
1198				n s m																					n ʃ m		n ʃ m		ə n t s í m		n ʃ m		h ə n s oː m									n ʃ m											n ʃ m			n ʃ m			
1199				r g m																					r g m																	r g m										r e g o m	r g m						
1200				r n n																					r n n		r n n	r n n	r i n				r ə n									r n n															r n		
1201	sˤ a j j aː d u			sˤ j d																					sˤ w d		sˤ w d		sˤ o d		sˤ w d		sˤ a j d									sˤ j d				sˤ j d	sˤ j d					sˤ ó d e	sˤ j d			sˤ j d	sˤ d		
1202				s b j																					ʃ b j								s ə b uː									ʃ b j					s ¹ b j						ʃ b j				ʃ b j		
1204	s a k aː n u			s k n																					ʃ k n				s k u n				s ə k uː n									ʃ k n					s ¹ k n						ʃ k n	s æ k n æ			ʃ k n		
1205				t m m																					t m m				t i m m				t ə m									t m m					t m m					t e m	t a m m i m aː	t æ m m æ		t ă m aː m			
1210	ʃ e x eː qˤ u		sˤ a qˤ æ	dˤ ħ k	s æ ħ a qˤ a		d a qˤ æ				z a ʔ à g ú u m	d aː ʔ æ	d aː ʔ æ	d a qˤ æ	sˤ a qˤ æ	ɬ a ħ a qˤ a		d a ʔ æ		d aː qˤ æ		s eː ħ a qˤ a	ɬ̬ˤ ə ħ aː k	ʃ ħ qˤ	sˤ ħ qˤ			g ħ k	ẓ̂ a ħ á k		a h k	d a qˤ æ	ɬ̬ˤ ə ħ aː k				d a ʔ æ								ɬˤ ħ k					s aː qˤ æ	d a ʔ æ	ẓ̂ á ħ a k	g ħ k	s æ ħ a qˤ æ	s æ ħ a qˤ æ	g ħ k	sˤ ħ qˤ	s a ʔ æ	s aː qˤ æ
1211				t f f	t æ f f a		t æ f a					t u f f	ə t ə f f	t æ f f a		t a f ʔ a		t æ f f a		i t ə f f		t u f			t oː p æ t							t æ f f a					t æ f f a								t p p					t u f f	t æ f f a			t æ f ʔ a	t ə f			t u f	t ə f u m
1213			z æ n n a	z n j												z a n a j a							z e n oː		z n j			z n j	z í n i		z n a		z ə n uː	t ð n t							z n j t ʔ				z								z n j	z æ n a			d n t		
1214			a n qˤ æ r													ʔ a n qˤ a r		ə n qˤ ə r t														ə n qˤ ə r t											ʕ a n qˤ a r								ə n qˤ ə r t			ʕ a n qˤ æ r	ʕ a n qˤ æ r				
1216				ʕ a sˤ a b																			ʔ aː sˤ e b é t						ʕ a sˤ b ɛ t				ʔ aː sˤ b iː t												ʕ a sˤ a b									ʕ a n sˤ æ b æ t					
1218				ʕ u dˤ aː dˤ																																									ʕ ɬˤ aː ɬˤ														
1219			ə tˤ a		ə tˤ a		æ tˤ					ə tˤ æ	æ r tˤ	æ tˤ		ʕ ə ɬˤ aː		æ tˤ a		æ r tˤ		ħ ə tˤ a										æ tˤ a					ə n č̣ æ						ʕ i ɬˤ ɬˤ							ə n tˤ	æ tˤ a			ʕ ə sˤ				ə n tˤ	ə tˤ a
1222				b u l ʕ u m																			t e b e l oː t						m ú b l ɔ ɣ		b a l ʕ u m a		t ə b ə l oː t												b a l ʕ								b aː l a ʕ t aː						
1223			b ə r a k kʷ a	b a r k																			b e r k										b ə r k												b a r a k							b é r a k							
1225																t a d a b b a r a							a d eː b e r		d b r				s̃ ə d b é r				a d oː b e r												d b r														
1227				d a f f														d æ f æ n a					d e f f é t		d oː p aː n		d oː p n aː				d u p n a		d ə f eː t												d a p a n					d æ f æ n a		d ɛ f ɛʰ	d a p n aː	d æ f f æ t				d æ f æ n a	
1229				g a b a h																			j á b h e h						g ə b h ɛ t				g ə b h eː t												g b h									g æ b b a h					
1230				ʔ a l g a b iː n aː n i																					g i b b eː n			g b j n			g b i n a								g b j n			g b aː n											g b i n aː						
1231																							g eː b ə r		g æ b æ r						g a b a r u t a		g eː b ə r												g a						g ə b ə r								
1232				g a d l																			g é d e l		g uː d aː l				g ɛ d ə l				g eː d ə l												g d l														
1234	b a l aː sˤ u		b æ l l æ č æ				b ə r č̣					b ə l l ə č̣	b ə l ə č̣	b ə r č̣		b a l a sˤ a		b ə l l ə č̣		b ə r č̣		b i l i č̣										b ə l ə č̣					b ə l l ə č̣								b l sˤ					b ə l l ə č̣	b ə l l ə č̣		b a l sˤ u sˤ i t aː	b æ l æ č̣	b ə l l ə č̣			b ə l l ə č̣	b ə l l ə č̣
1237			b æ t t æ k æ	b t k			b æ t æ x æ						b æ t æ x æ	b æ t t æ x æ		b a t a k a		b æ t t æ h æ		b æ t æ x æ												b æ t t æ x æ					b æ t t æ x æ								b t k					b æ t æ k æ	b æ t t æ k æ			b æ t k æ	b æ t æ k æ			b æ t æ k æ	b æ t æ h æ
1241				ʔ i ð		ʔ æ d a j i n										ʔ ə n z a									ʔ aː z																				ʔ ð	ʔ ð w	ʔ ð							ʔ a z e			ʔ i d		
1242				ʕ aː d		ʕ oː d										ʕ aː d i							ʔ aː d		ʕ oː d				ʕ ɔ d				ʔ aː d												ʕ aː d							ʕ a d		ʕ a d u					
1243				ʕ g b																					ʕ g b				ʕ á g ə b				ʕ á j g ə b												ʕ g b							ʕ é g e b							
1244				ʕ q l																					m ə ʕ u qˤ qˤ aː l																				ʕ qˤ l								ʕ u qˤ aː l aː	ʕ a qˤ l æ	ʕ e qʷˤ æ l æ		ʕ qˤ l t n		
1245				ʕ w d												ʕ o d a									ʕ w d									ʕ w d											ʕ w d		ʕ w d												
1246																ʕ ə w aː l									ʕ uː l					ʕ iː l a									ʕ l						ʕ w l				ʕ j l				ʕ i l aː	ʕ ə l u	ʕ i l l u	ʕ iː l o	ʕ l		
1247																									ʕ w p																				ʕ w p												ʕ p		
1248				ʕ z z												ʕ a z z a z a									ʕ z z																				ʕ z z	ʕ z z	ʕ z t						ʕ z z	ʕ a z z æ			ʕ z z		
1249				b a ʕ d a																			b aː d		b a ʕ a d				b a ʕ d		b a ʕ a d		b aː d	b ʕ d											b a ʕ d a		b ʕ d					b á ʕ a d					b ʕ d		
1250																									b d ʔ			b d ʔ											b d ʔ						b d ʔ								b d j						b u g iː
1251			b æ r r æ d æ	b r d			b æ n d æ							b æ n n æ d æ				b æ r æ d æ				b æ r æ d æ										b æ r æ d æ	b ô r e d				b æ r æ d æ								b r d					b æ r æ d æ	b æ r æ d æ			b æ r d æ	b æ r æ d æ			b æ r æ d æ	b æ r æ d æ
1252			b æ j j æ n æ	b j n				b j n								b a j j a n a									b j n		b j n	b j n h	b ɛ̄ n		b w n		b ə j oː n								b j n				b j n								b j n	t ə b æ j j æ n æ	b æ j j æ n æ		b j n		
1253				b a j n a				b j n			b a n a					b a j n a							b eː n		b eː n		b eː n eː	b eː n	m ə n		b i n a t		ə m m ɛ n	b j n				b n j	b j n	b n j	b j n w t			b n	b a j n a	b j n	b n					b i n	b a j n a j	ə b b æ j ə n			b n		
1255				g u b b												g ə b b									g eː b																				g i b b								g u b b aː						
1256			g æ b b a		g æ b b a		g æ p a					g æ p p a ʔ a	g æ p a	g æ b b a	g æ b b æ	g a b ʔ a		g æ b b a		g æ p a		g æ b a ʔ a										g æ b b a					g æ b b a								g b ʔ					g æ b a	g æ b b a			g a b ʔ a	g æ b ʔ e			g æ b æ	g æ b aː
1257				g b l																																									g b l								g b l	g æ b b æ l æ					
1259				g w l																					g j l				e g t é l																g w l									g o l a	gʷ a j l a				
1260				g aː r												g o r									g eː r																				g w r		g r						g i j j o r aː				g r		
1261				g z r		g ə z eː r aː										g a z a r a									g z r				g ɔ́ z ɔ́ r				g ə z oː r												g z r								g z r				g z r		
1262				ɣ w tˤ																									ɣ e tˤ tˤ				ɣ ə tˤ												ɣ tˤ							ʕ e tˤ							
1264				x i d r												x a d a r a									ħ æ d æ r				x á d ə r				x ə d oː r												ħ a d r	x d r	x d r										ħ d r		
1265				ħ k m												t a ħ a k a m a									ħ k m				ħ k u m				ħ ə k uː m												ħ k m		m ħ k m						ħ k m				ħ k m		
1266				ħ a n a k												ħ a n a k a							ħ é n n e k		ħ eː k			ħ k	ħ ó n ú k		h i n k a		ħ ə n n uː k						ħ n k						ħ n k								ħ e n k aː	ħ a n æ k					
1267				ħ r m												ħ a r a m a									ħ r m				a ħ r í m				ħ oː r ə m	ħ r m											ħ r m	ħ r m	ħ r m						ħ r m						
1269				ħ tˤ b												ħ a tˤ a b a									ħ tˤ b				ħ ɔ́ tˤ ɔ́ b				ħ ə tˤ á w b												ħ tˤ b							ħ é tˤ a b					ħ tˤ b		
1270				ħ a w l												x a j l									ħ a j i l																				ħ a j l	ʔ x j l	x j l						ħ a j l aː				ħ l		
1271				x b ʔ												x a b ʔ a									ħ b ʔ						h b a														x b ʔ		x b ʔ												
1272	x a l p u			x l f												x a l a f a									ħ l p				x ɔ́ l ɔ́ f				x á j l ə f												x l p							ħ é l̩ e f	ħ l p				x l p n		
1273				x s r												x a s r a									ħ s r				x s ɔ r				x ə s oː r	x s ³ r											x s r								ħ s r				x s r		
1274				k r j												k a r a j a									k aː r aː		k r j																		k r j												k r j		
1275				k w n												k o n a													k u n					k w n										k n	k w n	k w n	k w n										k n		
1276				q b l												t a qˤ a b b a l a									qˤ b l				e qˤ b é l				qˤ á j b ə l												qˤ b l	qˤ b l	qˤ b l						qˤ b l						
1277				q a w l												qˤ aː l									qˤ oː l																				qˤ a w l								qˤ aː l aː				qˤ l		
1278				q w l																																									qˤ w l														
1279				m i q l aː ʕ												m a qˤ l ə ʕ									qˤ æ l a ʕ				qˤ é l a ʕ				qˤ á w l a												qˤ l ʕ							qˤ á l̩ a ʕ	qˤ e l ʕ aː						
1280																qˤ a n ʔ a									qˤ n ʔ				qˤ é n i				qˤ á j n ə ʔ												qˤ n ʔ							qˤ á n e	qˤ e n e t aː						
1281				q a j ðˤ																					qˤ a j i sˤ				qˤ o ðˤ				qˤ a j ðˤ												qˤ a j θˤ		qˤ j θˤ					qˤ í j j a tˤ	qˤ a j tˤ aː				qˤ θˤ		
1282				q i n w a t												qˤ a n a j a									m i qˤ n æː									qˤ n j										m qˤ n ʔ	qˤ n j	qˤ n j	qˤ n j						qˤ n j				qˤ n j		
1283				m l k												m a l a k a													m ɔ́ l ɔ́ k				m ə l uː k												m l k	m l k											m l k		
1284			t æ m a r æ	m h r			m a r æ					m a r æ	m a r æ	m a r æ		m a h a r a		m a r æ		m a r æ					m h r				ə m t ə h é r			m a r æ	m ə t h uː r				m a r æ		m h j r					m h r t	m h r		t m h r t			t æ m aː r æ	m a r æ		m h i r aː	m æ h a r æ	m æ h a r æ		m h r	t æ m aː r æ	t æ m aː r æ
1285				m a h r																					m oː h a r				m ɛ h ə r				m eː h ə r	m h r											m h r							m á h a r	m a h r aː				m h r		
1286				m ħ w												m a ħ a w a									m ħ w																				m ħ w												m ħ w		
1287				m i n							m i n u					ʔ ə m ə n n a							m e n		m i n				m ə n		m n		m ə n											m n	m i n							m e n	m e n	m ə n					
1288				n k j												n a k a j a									n k j				e n k é																n k j	n k j	n k j						n k j						
1289				n a f s																					n æ p æ ʃ				n ú f				ħ ə n oː f	n f s ¹										n p ʃ	n a p ʃ	n f s ¹	n f s ¹					n h ɔ f	n e p ʃ aː						
1290				n s j												n aː ħ s a j a									n ʃ j						n ʃ a		n á j h i												n ʃ j							n í ʃ i	n ʃ j						
1291				n j ʔ												n aː ʔ t									n aː ʔ								n eː ʔ												n j ʔ														
1292				f l w												f a l a j a									p l j																				p l j														
1293				f i r aː ʃ																					p r ɬ		p r s	p r s	f é r ɔ́ ɬ		p r s		f ə r oː ɬ	f r s ²							p r s				p r ɬ								p r s				p r ʃ		
1294			a f æ r r a				a fʷ æ n æ					a fʷ æ ň ň æ		a fʷ æ n n æ		f a r a j a				a fʷ æ ň æ					p r j		p r j		e f r é ʔ		p r a	f æ r r a					a fʷ æ ň ň æ								p r j					a f æ r e	f æ r r a		p r j	f æ r a	f æ r æ j æ			a f e r e	
1295				f t t			f ə t æ f æ t æ	p t j t				f ə t æ f æ t æ	f ə t æ f æ t æ	f ə t æ f f æ t æ		f a t a t a	f t t	f ə t æ f f æ t æ		f ə t æ f æ t æ					p t t		p t t	p t j t			p t t		f ə t				f ə t æ f f æ t æ								p t t							e n f ɛ t i t	p t t	f æ t f æ t æ					
1296				q r f												qˤ a r a f a																													qˤ r p														
1297				q s m												ʔ a s t a qˤ s a m a									qˤ s m									m qˤ s ³ m											qˤ s m								qˤ sˤ m						
1298				q sˤ r												qˤ a sˤ a r a									qˤ sˤ r				qˤ ɔ́ sˤ ɔ́ r				qˤ ə sˤ a w r												qˤ sˤ r												qˤ sˤ r		
1299			l a k æ	ʔ l k	l ɛ ʔ x		n a x æ							n a x æ	l a k æ	l a ʔ a k a		l a h a		n aː x æ		l a ʔ a x a			m a l ʔ aː k							l a h æ					l a x æ								l ʔ k		l ʔ k			l aː h æ	l a k æ						l ʔ k	l a h æ	l aː h æ
1300				l a b a n																					l aː b aː n				l uː n				ə w b oː n											l b n	l a b a n							l̩ é b h o n					l b n		
1301				f a t a												f a t a w a	f t w								p t w									f t j											p t w							f í t i					p t j		
1302				r ħ b												r ə ħ b a							r e ħ e b é t		r ħ b								r ə ħ b eː t												r ħ b		r ħ b							r ə ħ i b	r æ ħ a b æ		r ħ b		
1303			r a b	r a ɣ a b												r a x a b						r a ħ a b			r aː ʕ aː b																				r a ɣ a b												r ɣ b	r a b	r ə b
1304				r q m												r a qˤ a m a									r qˤ m																				r qˤ m								t a r qˤ m aː t aː						
1305				r u m ħ												r a m ħ									r oː m a ħ				r ə m ħ á t				r ə m ħ aː t												r m ħ		r m ħ						r u m ħ aː						
1306		r i p u ú t i		r f ʔ												r a f aː ʔ i									r p ʔ																				r p ʔ		r f ʔ						r p j				r p ʔ		
1307																									r p j																				r p j								r p j						
1308				r dˤ w																					r sˤ j				ɛ r ẓ̂ eː				r á j ɬ̬ˤ i	r ɬˤ w											r ɬˤ w		r ɬˤ w					r é ẓ̂ i	r ʕ e						
1309			r o tˤ æ		r o tˤ a		n o tˤ æ					n æ w w æ ʔ æ	t æ r ã w æ̃ ʔ æ̃	n o tˤ æ	r æ sˤ æ	r o sˤ a		æ r o tˤ æ		t æ r a w æ tˤ æ		r oː tˤ a			r w sˤ							r o tˤ æ					æ r ǫ tˤ æ								r w θˤ					r æ w w æ tˤ æ	æ r æ w w æ tˤ æ		r h tˤ				r θˤ	r æ w æ tˤ æ	
1311				b d d				b d d								b a d b a d a									b oː d eː d			b d d	b e d d				a b d eː d	b d d											b d d	b d d	b d d						b d d	b æ d æ d	b ə d ə d		b d		
1313																									b h l		b h l	b h l														b h l											b h l						
1314				b t r			b a t æ r æ					b a t t æ r æ	b a j t æ r æ	b a t t æ r æ		b a t a r a				b e t æ r æ					b t r			b t r	oː t ə r								b a t t æ r æ								b t r		b t r							b æ t t æ r a					
1315			f æ l l æ tˤ æ													f a l a sˤ a		f æ l l æ tˤ æ				f æ l æ tˤ æ															f æ l l æ tˤ æ						p l sˤ							f æ l æ tˤ æ	f æ l l æ tˤ æ			f æ l l æ sˤ æ	f æ l l æ sˤ æ			f æ l æ tˤ æ	f æ l æ tˤ æ
1317			f æ r r æ d æ				f æ n d æ					f æ r æ d æ	f æ n d æ	f æ n n æ d æ		t a f aː r a d a		f æ r r æ d æ		f æ n d æ		f æ r æ d æ										f æ r r æ d æ					f æ r r æ d æ						p r d							f æ r æ d æ	f æ r r æ d æ			t æ f a r æ d æ	f æ r æ d æ			f æ r æ d æ	f æ r æ d æ
1320			l ə gʷ a m	l i g aː m			l ə gʷ a m					l u g aː m		n ə gʷ a m		l ə gʷ aː m		l u g a m											l é g ɛ m			l ə gʷ a m	l ə g eː m				l ə gʷ a m								l i g aː m						l ə gʷ a m		l g aː m aː		l ə gʷ a m				l u g aː m
1323				f r d																					p r d			p r d			p r d														p r d		f r d m							t æ f a r æ d æ					
1324			č̣ æ f f æ n æ	sˤ a f n												ʔ a sˤ f a n a									sˤ p n														sˤ p n						sˤ p n										č̣ æ f f æ n æ				
1325			f æ tˤ æ f f æ tˤ æ	f dˤ dˤ			f ə tˤ æ f æ tˤ æ					f ə tˤ æ f æ tˤ æ	f ə tˤ æ f æ tˤ æ	f ə tˤ æ f f æ tˤ æ				f ə tˤ æ f f æ tˤ æ		f ə tˤ æ f æ tˤ æ					p sˤ sˤ		p ʕ p ʕ				p a a	f ə tˤ æ f f æ tˤ æ	f ə ɬ̬ˤ				f ə tˤ æ f f æ tˤ æ								p ɬˤ ɬˤ					f i tˤ æ f æ tˤ æ	f ə tˤ æ f f æ tˤ æ		p ʕ ʕ					f ə tˤ æ f æ tˤ æ	
1331			f æ tˤ tˤ æ r æ				f æ tˤ æ r æ					f æ tˤ tˤ æ r æ	f æ tˤ æ r æ	f æ tˤ tˤ æ r æ		f a tˤ a r a	f tˤ r	f æ tˤ tˤ æ r æ		f æ tˤ æ r æ																	f æ tˤ tˤ æ r æ						p tˤ r								f æ tˤ tˤ æ r æ			f æ tˤ r æ	f æ tˤ æ r æ				f æ tˤ æ r æ
1337				b r sˤ												b a r a sˤ						b u r s i							b ɔ́ r ɔ́ sˤ				b e r eː sˤ												b a r a sˤ					b u r s			b r sˤ w t ʔ	ʔ a b r æ sˤ				b u r s	
1340																									z æ r æ t		z a r t aː	z r t			z i r t a														z r								z a r t aː	z æ r a t			d r t		
1342				z ʔ m												z a m																													z a m														
1344	ʔ à a			ħ j w												ħ a j w a									ħ j j				ħ eː				ħ á w j a	ħ j w											ħ j j		ħ j w					ħ j j	ħ j j				ħ w j		
1345				x l q												xʷ a l l a qʷˤ a									ħ l qˤ																				x l qˤ								ħ l qˤ						
1347			l æ	l i												l a						l e	l		l ə						a l u a t	l					l							l	l i	l	l			l æ	l æ		l		n ə		l	l æ	l æ
1348				w l j																														t w l j											w l j		w l j t												
1350				r w ħ												r o ħ a									r w ħ																				r w ħ		h r w ħ												
1351			s a b æ	s ħ b	s ɛ ħ a w		ʃ a b æ				t a l d a i b ù	ʃ aː m æ	ʃ ãː m̲ æ	ʃ a b æ	s a b æ	s a ħ a b a		s a b æ		ʃ aː m̲ æ					s ħ b				s ħ a b			ʃ a b æ	s ə ħ aː b				ʃ a b æ								s ħ b		s ³ ħ b					s ħ o b							
1352				s t r												s a t a r a									s t r				s t ɔ r				s ə t uː r												s t r							s t r eʰ	s e t r aː						
1353			s a t æ	s ħ t	s ɛ ħ a t		s a t æ					s aː d æ	s aː d æ	s a t æ		s ə ħ t a		s a t æ							ʃ ħ t							s a t æ					s a t æ								ʃ ħ t		s ¹ ħ t				s a t æ			s a ħ a t a	s æ ħ a t æ				
1355				s w ʔ												s a j ə ʔ									ʃ aː w ʔ									s ¹ w ʔ											ʃ w ʔ		s ¹ w ʔ												
1356				s j ħ												s a j j a ħ a									ʃ j ħ																				ʃ j ħ								ʃ j ħ						
1357				sˤ ʕ q																					sˤ ʕ qˤ				sˤ a ʕ á qˤ					sˤ ʕ qˤ											sˤ ʕ qˤ							sˤ á ʕ a qˤ							
1358				sˤ d q												sˤ a d qˤ a									sˤ d qˤ								sˤ a d qˤ	sˤ d qˤ					sˤ d qˤ						sˤ d qˤ	sˤ d qˤ	sˤ d qˤ										sˤ d qˤ		
1359				sˤ h l																					sˤ h l				sˤ ɛ h ɛ l				sˤ ə h eː l												sˤ h l								sˤ h l						
1361				ʃ a w k												ɬ o k									ɬ oː k																				ɬ a w k								s a w k aː						
1362				ʃ i r ʕ																																									ɬ r ʕ	s ² r ʕ	s ² r ʕ												
1363																									sˤ æ ʔ æ l iː m				ẓ̂ a d				ɬ̬ˤ oː tˤ												ɬˤ a ʔ l							ẓ̂ á ʔ e d							
1364																ɬˤ a m r									sˤ æ m æ r																				ɬˤ a m r								ʕ a m r aː						
1365	sˤ i p i r t u			dˤ f r												ɬˤ a f a r a									sˤ ə p iː r aː				ẓ̂ ɔ́ f ɔ́ r				ɬ̬ˤ ə f uː r												ɬˤ p r							m a ẓ̂ f é r oʰ							
1366				t a l a m												t ə l m									t æ l æ m																				t l m												t l m		
1367				t l w																																									t l w									t a l aː					
1368				tˤ h r												tˤ a h a r a									tˤ h r				tˤ ɛ h ɛ r				tˤ ə h eː r											tˤ h r	tˤ h r		tˤ h r										tˤ h r		
1369				tˤ a l l												tˤ a l l									tˤ a l				tˤ ɛ l				tˤ a l												tˤ a l l								tˤ e l l aː				tˤ l		
1371			tˤ ə f f i																						tˤ æ p a ħ			tˤ p ħ																	tˤ a p ħ							tˤ á f a ħ							
1372				ðˤ u h r																					sˤ o h ŏ r a j i m				ðˤ ɔ́ h u r				ðˤ a h r												θˤ u h r								tˤ a h r aː						
1374			z æ f f æ n æ	z f n	z æ f f æ n a										z æ f æ n æ	z a f a n a													z ú f ú n				z ə f uː n												z p n									z a f n a	z æ f æ n æ				
1376				b w ħ												b o ħ a																													b w ħ														
1378				f ɣ r																					p ʕ r				f a ɣ á r																p ɣ r								p ʕ r				p ʕ r		
1380				b h r														b a r r æ							b h r						b a r	b a ň ň æ					b a r r æ								b h r					b aː r e	b a r r æ		ʃ u b h aː r aː					b a r e	b aː r iː
1384				ʔ w s																					ʔ w ʃ																	ʔ w ʃ															ʔ u ʃ n		
1391				ʕ a m a l																					ʕ aː m aː l		ʕ a m l aː															ʕ a m a l											ʕ a m l aː						
1392				ʕ t k																																						ʕ t k															ʕ t k		
1393	t a x a n aː t u			ʕ w n																					m aː ʕ oː n			m ʕ w n	o ʕ ú n				aː w iː n									ʕ w n					h ʕ n						m aː ʕ oː n aː	ʕ aː w æ n æ					
1394				b r j																					b r ʔ		b r j				b r a			b r ʔ								b r ʔ				b r ʔ	b r ʔ						b r j						
1395				b sˤ r																																						b sˤ r															b sˤ r		
1397				ð a r aː ħ																					z r ħ																	ð r ħ																	
1399																									z aː qˤ eː n															z qˤ n		ð qˤ n																	
1400				g n j																																						g n j					ʔ g n w												
1401			g æ r æ d d æ s æ																										ə n g ɛ r d é ɬ				ə n g ə r d oː ɬ									g r d ʃ															g r d ʃ		
1402				ɣ d d																									ɣ e d d				ɣ ə d d eː t									ɣ d d															ɣ d d		
1403				ɣ ð w																																						ɣ ð w															m ɣ d		
1405				ɣ w r																																						ɣ w r															ɣ r		
1406				h ð w																																						h ð w															h d j		
1408				ħ i f ðˤ																					ħ eː p æ sˤ																	ħ i p θˤ											ħ u p tˤ aː						
1410				l tˤ f																																						l tˤ p															l tˤ p n		
1411				m i n ħ a t																					m i n ħ aː			m i n ħ aː											m n ħ h			m i n ħ a t															m n ħ		
1412				m z ʕ																																						m z ʕ															m z ʕ		
1413				n g w																									n í g i				n iː g i	n g w								n g w				m n g w	m n g w					n g j		n æ g a			n g		
1414				n ɣ dˤ																																						n ɣ ɬˤ															n ɣ sˤ		
1415	n i x l a t u			n i ħ l a t																																						n i ħ l a t															n ħ l t		
1416																																										n ħ t															n ħ t		
1417				n a s a m a t																					n ə ʃ aː m aː																	n a ʃ a m a t											n ʃ a m t aː						
1418				f u ʔ aː d																																						p ʔ d															p ʔ i d		
1422				r ɣ θ																																						r ɣ θ															m r ɣ θ		
1423																																										ʃ d j															ʃ d j		
1425																												ʃ k ħ										ʃ k ħ	ʃ k ħ		ʃ k ħ	ʃ k ħ											ʃ k ħ				ʃ k ħ		
1428	m a ʃ l û			s a l x																					ʃ æ l a ħ		ʃ a l l aː ħ aː	ʃ l ħ													ʃ l ħ	ʃ l x											ʃ e l ħ aː						
1429																									ʃ ə r iː r uː t																	ʃ r r											ʃ r r						
1432				ʃ b m																																						ɬ b m															ʃ b m		
1433				θ a ʔ tˤ a t																																						θ a ʔ tˤ															θ ʔ i tˤ		
1434				w a ð j a t																																						w ð j															j d j		
1436			w a tˤ æ		w æ h a tˤ a		w a tˤ æ					w aː ʔ æ	w aː ʔ æ	w a tˤ æ		w ə x tˤ a		w a tˤ æ		w aː tˤ æ		w æ ħ a tˤ a										w a tˤ æ					w a tˤ æ						w ɣ tˤ							w aː tˤ æ	w a tˤ æ			w a ħ a tˤ a	w æ ħ a tˤ æ			w a tˤ æ	w aː tˤ æ
1437				w a l i j j																																						w l j															j l j		
1438				j q ðˤ																					qˤ j sˤ																	j qˤ θˤ					m j qˤ θˤ					t á qˤ i tˤ					j qˤ ɣ		
1450				ʔ i j j aː		j aː t																	t		ʔ eː t				t				t			ʔ t		w t	w t	ʔ j t	j t			ʔ j t	ʔ i j aː			ʔ t				t							
1465																						z a l t a			z uː l aː																				z l t														
1478				w i sˤ l																					ʔ a sˤ sˤ iː l			ʔ sˤ j l			i a sˤ i l a											w a sˤ i l		j sˤ l t									j a sˤ sˤ i l aː						
1481																tˤ a f ħ a												tˤ p ħ	tˤ é f a ħ																tˤ p ħ								tˤ p ħ						
1496			s æ m b æ r									s æ m b æ r																															s m b r											s ə m b ə r	s ə m b ə r				
1499			s ə n z ə r	ʃ z r			z ə s ə r					z ə s s ə r	z ə s ə r	z ə z z ə r		s e z r		z ə z z ə r		z ə s ə r		z u n z u n r t i			m o ʃ z aː r				ɬ ɛ z r		ʃ a n z i r i a	z ə z z ə r	h â z e r				z ə z z ə r								ʃ z r					s ə n z ə r	z ə z z ə r	ɬ é z i r		s æ n z æ r æ	s æ n z æ r æ			s ə n z ə r	s ə n z ə r
1508			m a r æ		m ɛ ħ a r		m a r æ					m aː r æ	m aː r æ	m a r æ		m ħ r		m a r æ		m aː r æ												m a r æ					m a r æ						m ħ r							m aː r æ	m a r æ			m æ ħ a r æ	m æ ħ a r æ			m a r æ	m aː r æ
1558				ʔ u l aː ʔ i												ʔ ə l l aː									ʔ eː l l æː								ə l j oː m ə h												ʔ l		ʔ l												
1560				ħ a ðˤ ðˤ																													ħ ə ðˤ	ħ θˤ j											ħ θˤ θˤ		ħ θˤ j										ħ θˤ t		
1561	s a g û															s a kʷ a j a									ʃ g h																				ʃ g j								ʃ g j						
1572				l ħ m																					l ħ m																				l ħ m												l ħ m		
1574			m æ tˤ tˤ a									m a ʔ a	m a ʔ a			m a sˤ ʔ a																											m sˤ ʔ							m æ tˤ a	m æ tˤ tˤ a			m æ sˤ ʔ a	m æ sˤ ʔ e			m æ tˤ æ	m æ tˤ aː
1576			w æ d æ																			d e	w d é						ʔ é d																ʔ d							d i							
1582				sˤ ħ r																					sˤ aː ħ oː r																				sˤ ħ r								sˤ ħ r				sˤ ħ r r		
1584						ʔ a l																			ʔ a l														ʔ l	ʔ l				ʔ l	ʔ a l			ʔ l				a l̩					ʔ a l		
1589				q u b u l a n																														qˤ b l j					qˤ b l		qˤ b l				qˤ b l	qˤ b l	l qˤ b l						l u qˤ b a l	qˤ æ b ə l					
1593				f l t																					p l tˤ		p l tˤ	p l tˤ			p l tˤ														p l tˤ			p l tˤ					p l tˤ				p l tˤ		
1596			z ə n a b													z ə n aː m						z ə n aː b																					z n aː m								z ə n a b			z ə l a m	z ə n a m				
1615				tˤ w l																					tˤ w l																				tˤ w l		tˤ w l							tˤ a w w a l a					
1621				ħ a g a l																																									ħ a g a l								ħ a g l aː	ħ a g æ l					
1622												a w i j æ															h h		h ɔ̄ t																h w j														
1627																													ħ a z̃ ɔ́ t																ħ g										ħ ə n g u g u				
1638			d æ r æ m æ n	d a r a n																					d æ r æ n		d a r n aː															d a r a n												d æ r æ n					
1648				f a s f a s																					p i ʃ p aː ʃ																	p ʃ p ʃ											p e ʃ p uː ʃ aː						
1672				ħ g r																					ħ aː g a r													ħ g r				ħ g r		ħ g r			ħ g r										ħ g r		
1673				ħ i g l												ħ a g a l a													ħ ɔ́ g ɔ́ l				ħ ə g ə l iː t												ħ g l		m ħ g l					ħ é g o l̩							
1697				sˤ u l sˤ u l																					sˤ oː sˤ aː l		sˤ u sˤ sˤ l aː				sˤ i sˤ l i a											sˤ u l sˤ l							sˤ l sˤ l				sˤ u sˤ l aː						
1702			ə b b æ t													ʕ ə b aː							ɣ e b						ɣ ɔ b				ɣ oː b												ɣ b							ʕ e b			ʕ i b a				
1712																									sˤ i r ʕ aː			ʔ oː r ʕ iː	ẓ̂ e r é ʕ t													ɬˤ r ʕ																	
1742			f æ k k a													f a k ħ a						f æ k æ ħ a																					f k ħ																
1743	p a r aː x u			f r x												f a r x a									p r ħ		p a r ħ aː	p r ħ	f é r ə x																p r x														
1745			t æ f r æ k æ r r æ k æ	f r k			f r æ k ʔ æ						f r æː k ʔ æ	f r æ k ʔ æ						f r æ k ʔ æ							p r k	p r k	f é r ɔ́ k				f ə r oː k						p r k						p r k								p r k						
1748			f æ r æ f f æ r æ	f r f r								f ə r æ f f æ r æ				f a r f a r a						f i r æ f æ r æ											f ə r f iː r												p r p r						f ə r a f f æ r æ			f æ r f æ r æ	f æ r f æ r æ				f ə r æ f æ r æ
1749			t æ n f æ r æ f f æ r æ	f r f r												ʔ a n f a r f a r a						f i r f i r			p r p r			p r p r	ə n f ɛ r f é r				f ə r f iː r												p r p r								p r p r		t æ n f æ r f æ r æ				
1755				f r g																																									p r g									f æ r r æ g æ	f æ r g æ g æ				
1760				ħ i r sˤ i j aː n		ħ a r sˤ																			ħ æ r æ sˤ			ħ r sˤ														ħ r sˤ																	
1763	p u w a t u			f u w w a t																							p uː t aː	p w ʔ h																	p u w a t								p u t aː				p w t		
1764			b u t t ə t o	b a t t								b u t t ə t o		b u t t ə t o				b u t t ə t o				b u t u t t u			b a t							b u t t ə t o					b u t t ə t o								b t					b u t u t t o	b u t u t t u						b t		b u t u t t u
1766			b i r k a	b i r k a t																		b i r k a			b ə r eː k aː									m b r k			b ə r k eː t								b i r k a t	b r ʔ k h	b r k t										b r k t		
1768																									p æ l æ k		p i l k aː	p l k h																p l k	p a l k												p l k		
1769			t æ f æ r æ z z æ z æ													t a f a r z a z a													f é r ɔ́ z		p r z		f ə r uː z												p r z							f é r o z							
1770				b a q ʕ a t												b a qʷˤ ʕ a									b qˤ ʕ		b i qˤ ʕ ă t aː									b qˤ ʕ									b qˤ ʕ														
1771			t ə kʷ a n	k u t t aː n	t u h a n		t ə x a r					t u h aː n	t ə x ãː r	t ə x a r		t ə kʷ aː n		t ə k a n		t ə x aː r		t u x aː n										t ə h a n					t ə x a n						t u kʷ aː n							t u h aː n	t ə h a n			t ə k aː n	t ə k̠ʷ a n			t u h a n	t u h a n
1774				x u f f																			x e f						x a f				x a f												x u									ħ ə f ə n					
1775				x u r tˤ uː m																					ħ a r tˤ oː m						h a r tˤ u m											x a r tˤ uː m											ħ a r tˤ uː m aː						
1776			k o t t e	k aː ʕ																																									k u						k o t t e		k oː ʕ aː						
1777				b ɣ t																					b ʕ t		b ʕ t	b ʕ t														b ɣ t											b ʕ t						
1780			qʷˤ ə r ə j j e	q aː r i j a t																					qˤ oː r eː			qˤ w r																	qˤ aː r i ʔ														
1781				q aː r i sˤ																			qˤ e r uː sˤ		qˤ æ r æ sˤ				qˤ é r ɔ́ sˤ				qˤ ə r oː sˤ									qˤ a r sˤ																	
1783			qˤ æ tˤ tˤ ə n i t													qʷˤ ə tˤ n i																													qˤ tˤ n								qˤ e tˤ tˤ oː n aː						
1784	b a r r aː t u			b a r r		b aː r aː		b r																b r	b a r			b aː r aː	ɛ b r ɔ́ r		b a r			b r					b r		b r				b a r r	b r	b r r						b a r r aː	b æ r					
1792				f a k k																																									p a k k								p a k k aː	f ə k					
1793				f aː ʔ i q			f a n qˤ a					f a n qˤ æ	f aː n qˤ a	f a n qˤ a						f aː n qˤ a							ʔ a p qˤ oː t aː				p qˤ u t a						f a n qˤ a								p qˤ									f o qˤ a j			p qˤ qˤ		
1795				ħ a q q																					ħ oː qˤ																				ħ qˤ qˤ														
1796				l u b n				l b w n h								l ə b n									l ə b oː n aː			l b w n h			l u b a n a								l b w n h					l b n t	l b n				l b w n h				l b u t t aː						
1797				f a ʔ w aː			f ə j æ					f i ʔ æ	f i ʔ æ	f ə j j æ		f a w t				f i j æ		f oː j										f ə j æ					f ə j æ								p ʔ w									f a j t æ t	f a j t æ t æ				
1798				f u q u m																					p aː qˤ a m																	p qˤ m										f á qˤ a m							
1800				f a q r a t																					m a p r æ qˤ æ t		p i r qˤ aː	p w r qˤ h	m ə f r ɔ́ qˤ		p r u qˤ a														p i							f e qˤ r é r oʰ	p aː r a qˤ t aː						
1801				f a w d																																						p a w d															p d		
1803									p ħ d																p ħ d		p ħ d	p ħ d																	p ħ d														
1804				f ʔ m												ʔ a f ʔ a m a									p iː m aː																				p ʔ m														
1807				f l ħ																					p l ħ																				p l ħ								p l ħ						
1808				f n q																					p n qˤ		p n qˤ	p n qˤ			p n qˤ														p n qˤ								p n qˤ						
1809			f u l	f uː l												f u l									p oː l																				p uː l									f u l	f u l				
1810			f æ č̣ č̣ æ		f æ č̣ č̣ a		f æ č̣ æ							f æ č̣ č̣ æ		f a sˤ ħ a		f æ č̣ č̣ æ		f æ č̣ æ		f æ č̣ a			p sˤ ħ				f e s x			f æ č̣ č̣ æ	f ə s x				f æ č̣ č̣ æ								p sˤ ħ					f æ č̣ e	f æ č̣ č̣ æ				f æ č̣ f æ č̣ æ			f æ č̣ e	f æ č̣ iː
1813				f sˤ m																					p sˤ m																				p sˤ m														
1816				s b r		s b r		s b r																	ɬ b r		s b r	s b r			s b r											ɬ b r											s b r						
1817																									b l tˤ		b l tˤ															b l tˤ											b l tˤ						
1818				f u tˤ r																					p i tˤ r aː		p i tˤ tˤ uː r aː															p tˤ r											p e tˤ tˤ o r t aː						
1820			f æ l l æ s æ																			f u l l aː s a					p l s		f ɔ́ l ɔ́ s				f ə l oː s												p l s							f ö́ l̩ o s		f æ l s æ	f æ l l æ s æ				
1824																																													qˤ u t								qˤ uː t iː	qˤ u t t u					
1826																									p s l		p s l	p s l										p s l	p s j l h		p s l			p s l h	p s l								p s l				p s l		
1836				m i b z a ɣ				b z ʕ																			b z ʕ	b z ʕ			b z a								b z ʕ						b z ɣ								b z ʕ						
1838																		qˤ a r u l l e																											qˤ r l								qˤ u r l aː						
1849				q iː q a t																		č̣ i qˤ aː j			qˤ iː qˤ																				qˤ iː qˤ														
1856			b a qˤ e l a	b aː q i l l aː								b aː qˤ e l æ				b aː qˤ e l aː		b a ʔ e l l a				b aː qˤ eː l a					b qˤ j l ʔ					b a qˤ e l l a													b aː qˤ i l aː					b aː qˤ eː l l æ								b a qˤ e l l æ	b a qˤ e l a
1857				b l m																					b l m		b l m	b l m			b l m											b l m											b l m						
1858			b æ qˤ qˤ o l l o				b æ qˤ o l l o					b o qˤ qˤ o l l æ	b o qˤ o l o ʔ æ	b æ qˤ qˤ w æ				b æ qˤ qˤ o l l o		b æ qˤ o l l o												b o qˤ qˤ o l l o					b æ qˤ qˤ o l l o						b æ qˤ qˤ o l l o							b æ qˤ qˤ o l l o	b o qˤ qˤ o l l o							b o qˤ qˤ o l l o	
1859																f a qˤ ʕ a											p qˤ ʕ	p qˤ ʕ			p qˤ a														p qˤ ʕ								p qˤ ʕ	f æ qˤ ʕ a					
1862				q a																					qˤ o r qˤ ə b aː n		qˤ u r qˤ ə b aː n aː															qˤ a											qˤ a						
1868				f r sˤ												f a r a sˤ a											p r sˤ				p r sˤ														p r sˤ														
1875				f s l																							p s l	p s l					f ə s oː l												p s l														
1876																											p ʃ ħ																		p ʃ x								p ʃ ħ						
1878				f t q																							p t qˤ																		p t qˤ								p t qˤ						
1884			b æ s æ b b æ s æ				b ə s æ b æ s æ					b ə s æ b æ s æ	b ə s æ b æ s æ	b ə s æ b b æ s æ		b a s b a s a		b ə s æ b b æ s æ		b ə s æ b æ s æ												b ə s æ b b æ s æ					b ə s æ b b æ s æ						b s b s							b o ʃ e	b o ʃ				b æ s b æ s æ			b o ʃ	b ə s æ b æ s æ
1885				b a ʃ aː m																					b oː ɬ æ m		b u s m aː	b s m			b u s m a								b ʃ m		b ʃ j m			b ʃ m	b ɬ m								b e s m aː						
1886				b u s r																					b oː s æ r				b ə s í r ə́ t								b ə s ə r iː t								b s r								b e s r aː						
1887				b z w																					b z w			b z j																	b z w														
1889				f ħ z																					p ħ z		p a ħ z uː t aː	p ħ z			p a h z a														p ħ z								p a ħ z aː						
1893			f æ w w æ s æ													f a w w a s a																											f w s												f æ w w æ s æ				
1897				f z z																							p a z z iː z																		p z z								p z z						
1898				b aː l		b aː l		b l																				b l			b a l								b l						b aː l								b aː l aː						
1904			f æ qˤ qˤ æ r æ													ʔ a f qˤ a r a																											f qˤ r								f æ qˤ qˤ æ r æ				ʔ a f qˤ æ r æ				
1906			b æ d a	b a d w												b a d w																													b a d w		b d t				b æ d a			b æ d u	b æ d u				
1907				b dˤ ʕ																					b sˤ ʕ									b ɬˤ ʕ											b ɬˤ ʕ	b ɬˤ ʕ	b ɬˤ ʕ												
1908				q ʃ r												qˤ a ɬ ɬ a r a													qˤ ɔ́ ɬ ɔ́ r				qˤ ə ɬ uː r												qˤ ɬ r														
1916			b æ k k æ l æ																																								b k l												b æ k k æ l æ				
1917				m a r f i q																					m a r p eː qˤ		m a r p ə qˤ aː															m a r p i qˤ																	
1919																sˤ a r a b a																													sˤ r b							sˤ é r o b							
1920							tˤ ə n							tˤ ə n n						tˤ ə n												tˤ ə n n					tˤ ə n n						tˤ n n																
1921			tˤ æ l l æ f æ									tˤ æ l æ f æ				tˤ a l a f a		tˤ æ l l æ f æ				tˤ æ l æ f æ										tˤ æ l l æ f æ					tˤ æ l l æ f æ						tˤ l f								tˤ æ l l æ f æ				tˤ æ l æ f æ				
1924			m a d o												a d d æ							a d a																							ʕ d j					o d e				ʕ a d aː	ʕ a d æ w æ			o d e	
1927				tˤ b b												tˤ b b																													tˤ b b								tˤ b b						
1928			t æ r r æ f æ	t r f	t æ r r æ f a											t a r f a						t æ r æ f a																							t r p									t æ r f a	t æ r æ f æ				
1929				θ ʔ r																																						θ ʔ r					θ ʔ r										θ ʔ r		
1931			b ə ʃ b ʃ a	b a s b aː s a t			b o ʃ æ					bʷ æ s æ	bʷ æ s æ	bʷ æ s æ				bʷ æ s s		bʷ æ s æ												bʷ æ s æ					bʷ æ s æ								b ʃ					b o ʃ o	b o ʃ ʃ a							b o ʃ ʃ æ	
1932																sˤ aː m a w a																											sˤ m w											sˤ a m a	sˤ a m a				
1934				n a g d												ʔ ə n g ə d ʔ aː									n æ g æ d																	n a g d													ʔ ə n g ə d ʕ aː				
1935				n a ħ r																									n á ħ a r													n a ħ r												n æ ħ a r					
1936																							m oː t e n		m o t n a j i m		m o t n iː n	m t n	m ú t u n		m a t n a		m oː t ə n									m a t n										m ó t e n	m a t n aː t aː				m t n m		
1938			b æ tˤ tˤ æ l æ	b sˤ l												b a sˤ sˤ a l a											b sˤ l	b sˤ l	b ɔ́ sˤ ɔ́ l																b sˤ l														
1939				b r ħ												b a r r ə ħ a									b r ħ																			b r ħ	b r ħ		b r ħ										b r ħ		
1940			b ə r r				b ə r					b ə r r	b ə r	b ə r r		b ə r u r		b ə r		b ə r												b ə r					b ə r r						b ə r r							b ə r	b ə r r				b ə r r i			b ə r	
1944			ʃ ə f f ə t a									ʃ iː f																															ʃ i f																
1947			t æ gʷ a z æ				g a z æ					a g a ʔ a z æ	a g a ʔ a z æ	g a z æ				g a z æ		a g a ʔ a z æ		g aː z a										g a z æ					g a z æ						g ʕ z								g a z æ							g a z æ	
1949				f ʔ w																					p ʔ j									f ʔ j								p ʔ j				f ʔ j													
1951																t a f a ɬ ɬ ə ħ a																													p ɬ ħ		h f s ² ħ								t æ f æ ɬ ɬ ə ħ e				
1952				f s ħ																																						p ʃ ħ					h f s ¹ ħ						p ʃ ħ						
1954				f g ʕ																					p g ʕ				f é g a ʕ				f oː g a												p g ʕ								p g ʕ						
1955				f t n												f a t a n a																													p t n														
1959												f e t t æ r æ				ʔ a f t a r a																											f t r																
1960			b æ r r æ r æ													b a r a r a																													b r r		b r r												
1962			b æ tˤ æ b b æ tˤ æ				b ə tˤ æ b æ tˤ æ					b ə tˤ æ b æ tˤ æ	b ə tˤ æ b æ tˤ æ	b ə tˤ æ b b æ tˤ æ		b a sˤ b a sˤ a		b ə tˤ æ b b æ tˤ æ		b ə tˤ æ b æ tˤ æ												b ə tˤ æ b b æ tˤ æ					b ə tˤ æ b b æ tˤ æ						b sˤ b sˤ							b i tˤ æ b æ tˤ æ	b ə tˤ æ b b æ tˤ æ			b æ č̣ b æ č̣ æ	b æ sˤ b æ sˤ æ			b ə tˤ æ b æ tˤ æ	b ə tˤ æ b æ tˤ æ
1963			f æ l l æ qˤ æ				f e n æ qˤ æ							f e n n æ qˤ æ		f a l a qˤ a		f æ l l æ ʔ æ														f æ l l æ qˤ æ					f æ l l æ qˤ æ						f l qˤ							f æ l æ qˤ æ	f i l l æ qˤ æ				f æ l l æ qˤ æ			f æ l æ qˤ æ	f æ l æ qˤ æ
1964			f æ l l æ s æ													f a l a s a																											f l s											f æ l s a	f æ l æ s æ				
1965			t æ b æ qˤ qˤ æ l æ													t a b a qˤ qˤ a l a																											b qˤ l												t æ b æ qˤ qˤ æ l æ				
1966			f æ s æ s													t a f aː s a s a											p a j s aː	p s ʔ										p s							p a s								p e s s aː	f æ s æ s	f æ s æ s				
1967																											b ə l iː t aː				b l a i t a														b l j t								b l aː j aː	b ə l l aː j					
1969			f æ s s æ s æ											a f æ s s æ s æ																		f æ s s æ s æ											f s s							a f æ s æ s æ				f æ s s æ				a f æ s æ s æ	
1970			f æ t t æ g æ																																								p t g											f æ t t æ g æ					
1971			b æ l l æ tˤ æ				b æ n tˤ æ						b æ n tˤ æ	b æ n tˤ æ		b a l a sˤ a		b æ l l æ tˤ æ													b l sˤ	b æ l l æ tˤ æ					b æ l l æ tˤ æ								b l sˤ					b æ l æ tˤ æ	b æ l l æ tˤ æ		b l sˤ		b æ l æ sˤ æ			b æ l æ tˤ æ	b æ l æ tˤ æ
1972			b æ r r		b æ r										b æ r				b æ r																								b æ r r											b æ r	b æ r r i				
1973			f æ g g æ m æ																																								f g m												f æ g g æ m æ				
1974			b æ tˤ tˤ æ qˤ æ																																								b tˤ qˤ												b æ tˤ æ qˤ				
1975			b ə r b ə r r a													b a r b aː r																											b a r b a r															b ə r b ə r r æ	
1977				s i n tˤ																					s iː tˤ																	s i tˤ											s iː tˤ aː						
1980				ʃ a f a l l aː ħ																					ʃ a l p uː ħ iː t		ʃ i l p uː ħ aː															ʃ a l p uː ħ											ʃ a l p u ħ t aː						
1982			tˤ æ b b æ qˤ æ	tˤ b q			tˤ æ b æ qˤ æ					tˤ æ b æ qˤ æ		tˤ æ b b æ qˤ æ						tˤ æ b æ qˤ æ		tˤ æ b æ qˤ æ										tˤ æ b b æ qˤ æ	a tˤ oː b ə qˤ				tˤ æ b b æ qˤ æ								tˤ b qˤ					tˤ æ b æ qˤ æ				m æ tˤ b æ qˤ	tˤ æ b æ qˤ æ		tˤ b qˤ	tˤ æ b æ qˤ æ	tˤ æ b æ qˤ æ
1983			d æ b b æ qˤ æ	d b q		d b qˤ																			d b qˤ		d b qˤ	d b qˤ			d b qˤ								d b qˤ		d b qˤ				d b qˤ								d b e qˤ						
1994				w d q												w a d qˤ a																													w d qˤ		w d qˤ					é d a qˤ							
1997				w g ʔ												w a g ʔ a									j g j																				w g j	ʔ g w							w g j	m o g ə ʔ					
1998																w a ɬˤ ɬˤ ə x a													é ẓ̂ a ħ																w ɬˤ ħ							é ẓ̂ a ħ							
1999				n w f																					n w p																				n w p								n w p						
2001			t æ k k æ l æ													t a k a l a																					t æ k k æ l æ						t k l								t æ k k æ l æ			t æ k l æ	t æ k æ l æ				
2012				sˤ j ħ				sˤ w ħ			z a a x u u m														sˤ w ħ		sˤ w w ħ	sˤ w w ħ														sˤ j ħ											sˤ w ħ				sˤ j ħ		
2013																sˤ a w w ə ʕ a																											sˤ w ʕ											sˤ æ w ʕ a	sˤ æ w w ə ʕ eː				
2014				w k b												k a b k aː b																	w ə k uː b												w k b		w k b					é k o b							
2017			d æ qˤ æ d d æ qˤ æ	d a q d aː q																							d a qˤ d eː qˤ	d a qˤ d iː qˤ											d qˤ d qˤ						d qˤ d qˤ								d a qˤ d qˤ aː	d æ qˤ d æ qˤ æ	d æ qˤ d æ qˤ æ				
2025			d æ m æ s s æ s æ													t a d a m s a						d aː m æ s æ																					d m ʃ											d æ m s æ s æ	d æ m s æ s æ				
2028				sˤ w b																							sˤ w b																		sˤ w b							é sˤ tˤ e b	sˤ w b						
2029						j s p		j s p																j s p	j s p		j s p	j s p			j z p					j s p		j s p	j s p	j s p				j s p	w s p		w s ³ f					s e f	j s p						
2031	k a ʃ û			k s w				k s j	k s j																k s j		k s j	k s j			k s a								k s j					k s j	k s w		k s ³ w j						k s j				k s j		
2034				w sˤ l																														w sˤ l											w sˤ l		h w sˤ l					sˤ e l̩							
2035							s i r						s iː r	s i r				s i r		s iː r												s i r					s i r								ɬ i r					s iː r								s i r	
2037			ʃ ə n f ə l l a	m i ʃ f a l a t														ʃ ə n f ə l																											ɬ p l						ʃ ə n f ə l			ʃ ə n f ə l l a	ʃ ə n f ə l l a				ʃ ə n f ə l l a
2038			a r r æ qˤ æ		ə h e r r æ qˤ a							a s t aː r æ qˤ æ				ʕ a r qˤ a		a t a r r æ ʔ æ																			a t a r r æ qˤ æ						ʕ r qˤ								a t a r r æ qˤ æ			t a ʕ a r r a qˤ a	ʕ a r æ qˤ̌ æ				
2039				z u b b																					z u b b aː n																	z u b b											z u l b aː n aː						
2042				d w k																					d w k																				d w k														
2043																									d k ʔ												d ə h a								d k j						d ə k a			d ə h a	d ə k a				
2044				d k k																		d æ x						d k k	d e k k				d ə k												d k k									d æ k k æ			d a k		
2046			r æ f f æ qˤ æ	r f q							r a b a g u u m					r a f a qˤ a									r p qˤ																				r p qˤ														
2049				q ʕ r																					qˤ ə ʕ aː r aː																				qˤ ʕ r														
2057				g i w aː ʔ																					g a j				g ɔ̄ t				g oː t												g j							g ó ʔ oʰ							
2058			g e		g e											g e																											g																
2071				z ʕ z ʕ																					z ʕ z ʕ																				z ʕ								z aː ʕ						
2073			a f f æ n æ															e f f æ n æ											o ɣ ó f ə n				ɣ á t f e n												ɣ p n							ʕ ó f i n			ʕ a f f æ n æ				
2080				ʕ q d												ʕ a qˤ a d a									ʕ qˤ d																				ʕ qˤ d							ʕ ó qˤ i d	ʕ qˤ d						
2081				ʕ g m																									ʕ é g ə m				ʔ á j g ə m												ʕ g m							ʕ é g o m							
2091				ɣ dˤ dˤ												ʕ a ɬˤ ɬˤ													a ɣ ẓ̂ é ẓ̂																ɣ ɬˤ ɬˤ									ʕ ə sˤ sˤ o					
2098				ɣ r f																			ɣ e r oː f						ɣ á r ɔ́ f				ɣ ə r ó f												ɣ r p														
2099				ɣ r r												ʕ a r a r																													ɣ r r									ʕ ə r æ t					
2100				ħ w r																																									ħ w r														
2101			s o r a	s a ħ a r								ʃ iː r e ʔ						ʃ i r e							ʃ aː ħ oː r							ʃ i r e					ʃ æ r æ								ʃ ħ r					ʃ i r e	ʃ ə r e		ʃ ħ r					ʃ i r e	
2105																x a m m a s a							ɣ e m oː s						ɣ ŏ s		a m ʃ		ɣ ə m oː s												ɣ m s							ʕ á m e s	ʕ m a ʃ	ħ a m m æ s æ					
2106																																													ɣ aː j i tˤ										ħ e tˤ o				
2107																l ə ħ d a																													l ɣ d														
2108				z a ɣ a l												z a ħ a l a																													z ɣ l									z æ ħ a l					
2110																s a ħ a g a			s a g æ																								s ħ g												s æ ħ a g æ				
2112				ɣ i r s																																									ɣ r s									ʕ a r s	ʕ a r s i				
2113																ʕ ə r f																											ɣ u r p							u r f								u r f	ə r ə f
2114	t i m aː l i																																												t i m aː l														
2142			d æ n n æ n æ				d ə r æ t æ r æ							d ə r æ d d æ r æ		d a n d a n a		d ə n æ d d æ n æ		d ə r æ t æ r æ												d ə n æ d d æ n æ					d ə n æ d d æ n æ						d n d n								d ə n æ d d æ n æ								
2146	t a q aː n u			t q n		t qˤ n																			t qˤ n																	t qˤ n											t qˤ n						
2147				ħ s b		ħ ʃ b										ħ s b									ħ ʃ b																				ħ ʃ b								ħ ʃ b						
2148				g h r																									g ɛ h ɛ r				g ə h eː r												g h r							g ɛ h ɛ r	g h r						
2149				ʕ q q																																									ʕ qˤ qˤ									ʕ a qˤ qˤ æ			ʕ qˤ qˤ		
2155				d f ʕ												d a f ʕ a																													d f ʕ										d æ f f ə ʕ e				
2160																s a f a qˤ a									s æ p æ qˤ		s p qˤ	s p qˤ																	ɬ p qˤ		s ² p qˤ					ɬ é f a qˤ	s p qˤ	ʃ a f qˤ a					
2161				f k r																																						f k r										f ó t k e r				f t k r			
2164																s a k a w a									m a ɬ k iː t		s k j	s k j	e ɬ ɬ ó k i																ɬ k j								s k j						
